Media Source,Date,Text,Compound,Positive,Neutral,Negative,Tweet Count
@BBC,Thu Apr 26 20:05:00 +0000 2018,The heartbreaking story of the artist who gave the children of this concentration camp art lessons. Their beautiful‚Ä¶ https://t.co/gMFqgqgtvg,-0.4588,0.0,0.857,0.143,1
@BBC,Thu Apr 26 19:03:04 +0000 2018,"Take a detailed look at ambulance services, from the highly pressurised control rooms to the crews on the street. üöë‚Ä¶ https://t.co/ACZOCRjbgS",-0.1761,0.0,0.918,0.082,2
@BBC,Thu Apr 26 18:33:03 +0000 2018,"Follow a young family of falcons as they grow up in downtown Chicago. ü¶Ö

Natural World: Super Fast Falcon | 8pm |‚Ä¶ https://t.co/fDzkfaxMNM",0.7506,0.262,0.738,0.0,3
@BBC,Thu Apr 26 18:01:09 +0000 2018,"üòØ This woman from the 1920s looks EXACTLY like Benedict Cumberbatch.  
#TheGNShow https://t.co/ZkdgiM7ZVg",0.3612,0.185,0.815,0.0,4
@BBC,Thu Apr 26 16:08:02 +0000 2018,"RT @cbbc: If you can't wait to see @iamradzi on this week's ep of #BluePeter, turn him into an alien on the CBBC Buzz app! üì≤üñçÔ∏è‚û°Ô∏è https://t.‚Ä¶",0.0,0.0,1.0,0.0,5
@BBC,Thu Apr 26 16:00:25 +0000 2018,üî•üë©‚Äçüöí These helmets use AR to help firefighters see through smoke. https://t.co/g0807qwa7z,0.4019,0.197,0.803,0.0,6
@BBC,Thu Apr 26 15:32:09 +0000 2018,"RT @bbcpress: Ahead of the final episode of #Civilisations, @Simon_Schama reveals his highlights from the series. Civilisations concludes t‚Ä¶",0.0,0.0,1.0,0.0,7
@BBC,Thu Apr 26 14:34:22 +0000 2018,RT @bbcthree: FYI baby Neil from Gavin and Stacey is now a 10-year-old https://t.co/yGthNqOfZK,0.368,0.174,0.826,0.0,8
@BBC,Thu Apr 26 14:13:03 +0000 2018,"üçΩ Should you become a vegan?


Weigh up the pros and cons of meat-eating and veganism. 

ü§î

https://t.co/g1xCjnAQFL https://t.co/tzJtDxicA7",0.0,0.0,1.0,0.0,9
@BBC,Thu Apr 26 13:56:59 +0000 2018,RT @BBCScotlandNews: Polar bear cub to be named Hamish after public vote https://t.co/HgNRA8gLMu https://t.co/00LK3653xE,0.0,0.0,1.0,0.0,10
@BBC,Thu Apr 26 12:58:05 +0000 2018,"üé§Rapper @kanyewest has a way with words. But instead of rap lyrics, these days he‚Äôs dropping knowledge on Twitter.‚Ä¶ https://t.co/gInfDANKoX",0.0,0.0,1.0,0.0,11
@BBC,Thu Apr 26 12:01:05 +0000 2018,üí£üêú Ever heard of 'exploding ants'? https://t.co/im9JhvRJtS,0.0,0.0,1.0,0.0,12
@BBC,Thu Apr 26 10:27:28 +0000 2018,"More than 40 companies, who are responsible for over 80% of UK supermarkets' plastic packaging, have signed up to a‚Ä¶ https://t.co/Te1iNrkH3D",0.3182,0.103,0.897,0.0,13
@BBC,Thu Apr 26 08:01:06 +0000 2018,"ü¶é Komodo dragons take on prey ten times their size!
#NaturesBiggestBeasts https://t.co/0WskNgK7aV",0.0,0.0,1.0,0.0,14
@BBC,Thu Apr 26 07:29:06 +0000 2018,"üöë In a medical emergency, the right response can save lives ‚Äì but many of us are still doing the wrong thing...
üëâ‚Ä¶ https://t.co/ncRpVF4Ybm",-0.5927,0.081,0.691,0.228,15
@BBC,Thu Apr 26 07:00:10 +0000 2018,üëüüóë Do you plog? https://t.co/oN1HxQzQJS,0.0,0.0,1.0,0.0,16
@BBC,Wed Apr 25 20:12:00 +0000 2018,"In 1941, Josef Jakobs was executed at the Tower of London, marking the end of a chapter in its history. https://t.co/q9nwuRjqmv",0.0,0.0,1.0,0.0,17
@BBC,Wed Apr 25 19:03:06 +0000 2018,"Hugh Fearnley-Whittingstall is on a mission, asking food producers, restaurants and the government to confront Brit‚Ä¶ https://t.co/EcfjGY9Hqo",-0.1779,0.0,0.898,0.102,18
@BBC,Wed Apr 25 18:00:25 +0000 2018,‚òÄÔ∏èüõ∂ How an isolated indigenous community in Ecuador is protecting the Amazon jungle with its first solar powered ca‚Ä¶ https://t.co/yHNXh2C0ZO,-0.1531,0.077,0.818,0.105,19
@BBC,Wed Apr 25 17:01:10 +0000 2018,"üå±üçì A man has told of how he 'got his mum back' after a diagnosis of Alzheimer's, in part, by getting her to follow‚Ä¶ https://t.co/Bj8a8iAK61",0.0,0.0,1.0,0.0,20
@BBC,Wed Apr 25 16:00:21 +0000 2018,‚ù§Ô∏èüêø The dating scene is tough when you're a red squirrel... https://t.co/BUTI5sOp3R,-0.128,0.0,0.87,0.13,21
@BBC,Wed Apr 25 14:44:29 +0000 2018,"üêß ü§£ When penguins... HONK!... interrupt... HONK!... your TV interview... HONK!   
#WorldPenguinDay https://t.co/mFUZec36Ne",0.0,0.0,1.0,0.0,22
@BBC,Wed Apr 25 14:31:54 +0000 2018,"RT @BBCOne: .@HughFW is waging a war on waistlines. Tonight, 9pm, BBC One üçî
#BritainsFatFight https://t.co/zYC7BECRw9",-0.5994,0.0,0.769,0.231,23
@BBC,Wed Apr 25 14:30:12 +0000 2018,"RT @bbcmusic: OH HI @NiallOfficial üòç 

#SoundsLikeFridayNight https://t.co/Iw2xK5wMj7",0.0,0.0,1.0,0.0,24
@BBC,Wed Apr 25 13:55:02 +0000 2018,"RT @BBC6Music: ""I essentially went to Hogwarts!""
- @SimonPegg reveals how to have the #BiggestWeekend in his hometown of Gloucester.

üé• Lis‚Ä¶",0.0,0.0,1.0,0.0,25
@BBC,Wed Apr 25 13:49:16 +0000 2018,ü§† Never turn your back on a man in a cowboy hat. https://t.co/CBkcugUzBO,0.0,0.0,1.0,0.0,26
@BBC,Wed Apr 25 12:36:12 +0000 2018,RT @BBCBreakfast: Just look at these gorgeous rescued bear cubs üòç https://t.co/2wvTLiA01U,0.7783,0.43,0.57,0.0,27
@BBC,Wed Apr 25 12:24:43 +0000 2018,RT @BBCTwo: This penguin swims thousands of miles every year to visit his best friend... üêßüíô #WorldPenguinDay https://t.co/JlrMZ5exRE,0.6369,0.198,0.802,0.0,28
@BBC,Wed Apr 25 11:00:09 +0000 2018,Mums have responded to pictures of the Duchess of Cambridge leaving hospital following the birth of her third child‚Ä¶ https://t.co/KQKq2MfdM8,0.0,0.0,1.0,0.0,29
@BBC,Wed Apr 25 10:12:00 +0000 2018,üî•üå∂ Some people just can't handle the heat. https://t.co/bcWeeTB8F1,0.0,0.0,1.0,0.0,30
@BBC,Wed Apr 25 08:41:42 +0000 2018,RT @TWBBC: We made a chatbot. Our chatbot predicts how influential your Instagram pictures will be before you post them. Our chatbot uses m‚Ä¶,0.4404,0.116,0.884,0.0,31
@BBC,Wed Apr 25 08:01:03 +0000 2018,üíå This woman will write you a letter when you're going through hard times. https://t.co/6WejY9BcoI,-0.1027,0.0,0.896,0.104,32
@BBC,Wed Apr 25 07:28:08 +0000 2018,"üìö From ancient epics to modern novels, some narratives have changed history and influenced the mindsets of generati‚Ä¶ https://t.co/QDcGy8jwXe",0.0,0.0,1.0,0.0,33
@BBC,Wed Apr 25 07:01:04 +0000 2018,"These children on Sal Island in Cape Verde are working hard to clean up their beaches. 
#OurBluePlanet https://t.co/IziZtoSeEp",0.3182,0.134,0.796,0.07,34
@BBC,Tue Apr 24 19:03:07 +0000 2018,"A leading divorce lawyer leaves the family firm for a rival, throwing her relationships into turmoil in the process‚Ä¶ https://t.co/AHGrKnYPhA",-0.3612,0.0,0.872,0.128,35
@BBC,Tue Apr 24 18:00:24 +0000 2018,"üêúü§ñ By turning ant brains into algorithms, scientists have created robots that navigate without GPS. https://t.co/8qGDjewneC",0.25,0.118,0.882,0.0,36
@BBC,Tue Apr 24 17:01:03 +0000 2018,üò≤ Australian police say they will review how a 12-year-old boy travelled alone to Bali after he had a row with his‚Ä¶ https://t.co/gskGhMaKgN,-0.25,0.0,0.905,0.095,37
@BBC,Tue Apr 24 16:08:00 +0000 2018,RT @bbcwritersroom: Want to get yr first @BBC writing credit? We're running a #Comedy monologue opportunity alongside @bbcmusic @bbcintrodu‚Ä¶,0.6908,0.309,0.691,0.0,38
@BBC,Tue Apr 24 16:01:03 +0000 2018,"Queen Victoria was sort of the Darth Vader of the British Empire. 
#CunkOnBritain https://t.co/F4BGHWQtiz",0.0,0.0,1.0,0.0,39
@BBC,Tue Apr 24 15:21:18 +0000 2018,"RT @BBCOne: When divorce is a family affair... 

#TheSplit. Starts tonight at 9pm on @BBCOne. https://t.co/T31iOt0GIx",0.0,0.0,1.0,0.0,40
@BBC,Tue Apr 24 15:20:51 +0000 2018,"RT @BBCTwo: The Battle of Trafalgar really slowed down trade at the Pret a Manger. üòÇüá¨üáß @missdianemorgan #CunkOnBritain
https://t.co/5tkFNfD‚Ä¶",-0.3818,0.0,0.867,0.133,41
@BBC,Tue Apr 24 15:16:28 +0000 2018,RT @BBCNews: Gun salute takes place in London for new prince https://t.co/g5AEWrmRec https://t.co/dBoijinHBe,-0.34,0.0,0.833,0.167,42
@BBC,Tue Apr 24 15:00:24 +0000 2018,"ü§¢ü•öThe planet Uranus has clouds made up of hydrogen sulphide, the gas that gives rotten eggs their unpleasant smell,‚Ä¶ https://t.co/WWBR6BuUa3",-0.7506,0.0,0.738,0.262,43
@BBC,Tue Apr 24 13:01:04 +0000 2018,"üì∏‚ù§Ô∏è This wedding photo will give you all the feels...

It's by the most committed photographer ever.
üëâ‚Ä¶ https://t.co/BRtArfWGTM",0.3384,0.117,0.883,0.0,44
@BBC,Tue Apr 24 12:00:21 +0000 2018,"üê∞ When your pet rabbit has got RAGE issues. 
#NightmarePetsSOS https://t.co/EQF2bAPgIF",-0.6523,0.0,0.675,0.325,45
@BBC,Tue Apr 24 11:10:06 +0000 2018,"The faecal transplant, also known as trans-poo-sion, surely has the title of medicine's most disgusting procedure..‚Ä¶ https://t.co/433qH3AFV6",-0.2006,0.134,0.695,0.171,46
@BBC,Tue Apr 24 10:33:00 +0000 2018,Cheers! üç¨üçã Sweet maker Gillian shows @NishaKatona how to make her gin and tonic marshmallows. #TopOfTheShop https://t.co/zLqZBO0Hg0,0.75,0.299,0.701,0.0,47
@BBC,Tue Apr 24 10:12:04 +0000 2018,RT @BBCOne: Less than one month to go until the #RoyalWedding!  üë∞ üíë üíçüéâ‚ù§Ô∏è https://t.co/4tpY4OERd0,0.0,0.0,1.0,0.0,48
@BBC,Tue Apr 24 10:08:25 +0000 2018,"RT @bbceurovision: ""May we have your points please?..."" @Rylan prepares the 2018 #Eurovision artists for the all important scoring. ü§£ https‚Ä¶",0.2023,0.087,0.913,0.0,49
@BBC,Tue Apr 24 09:08:33 +0000 2018,RT @BBCNewsround: Why is Millicent Fawcett getting her own statue in Parliament Square? https://t.co/e6fNQd9ezH https://t.co/y09ruvrxIT,0.0,0.0,1.0,0.0,50
@BBC,Tue Apr 24 09:02:42 +0000 2018,RT @BBCLookEast: Well done @simonsmarathon who completed the London Marathon late last night - he is the first man to finish the race using‚Ä¶,0.2732,0.087,0.913,0.0,51
@BBC,Tue Apr 24 08:47:41 +0000 2018,"RT @BBCGetIn: **DEADLINE ALERT**

Just 4 days left to apply for our Communications Trainee Scheme!

Applications close on Thursday 26th Apr‚Ä¶",0.0,0.0,1.0,0.0,52
@BBC,Tue Apr 24 08:01:02 +0000 2018,‚ù§Ô∏è This make-up artist is using her skills to help scarred women feel beautiful again. https://t.co/BuQ3vMwtPn,0.765,0.32,0.68,0.0,53
@BBC,Tue Apr 24 07:29:05 +0000 2018,"üåàüëÄ Did you know that depending on what language you speak, your eye perceives colours ‚Äì and the world ‚Äì differently‚Ä¶ https://t.co/Q6Cn2rteK3",0.0,0.0,1.0,0.0,54
@BBC,Tue Apr 24 07:00:08 +0000 2018,"‚ÄòI‚Äôm determined to prove the terrorists wrong.‚Äô

Martin was paralysed in the Manchester Arena attack and is now tra‚Ä¶ https://t.co/qTRSdGxBeJ",-0.7003,0.09,0.639,0.271,55
@BBC,Mon Apr 23 19:15:23 +0000 2018,"RT @BBCTwo: It's #ShakespearesBirthday so here's Hamlet's famous ""To be or not to be"" speech, performed by Andrew Scott! üìúüé≠üéÇ https://t.co/b‚Ä¶",0.0,0.0,1.0,0.0,56
@BBC,Mon Apr 23 18:53:11 +0000 2018,üë∂üíñ The Duke and Duchess of Cambridge introduce their new son to the world. https://t.co/nmrD1axv6Y,0.0,0.0,1.0,0.0,57
@BBC,Mon Apr 23 18:01:04 +0000 2018,‚úàÔ∏è Do you know how to wear an oxygen mask?  https://t.co/pf8lvubtc9,0.0,0.0,1.0,0.0,58
@BBC,Mon Apr 23 16:58:47 +0000 2018,RT @BBCBreaking: The Duke and Duchess of Cambridge show off new son outside London hospital https://t.co/lGZ2YAK7um #royalbaby https://t.co‚Ä¶,0.0,0.0,1.0,0.0,59
@BBC,Mon Apr 23 16:23:06 +0000 2018,‚ù§Ô∏è The Duke of Cambridge has arrived at hospital with Prince George &amp; Princess Charlotte following birth of their b‚Ä¶ https://t.co/w0QF6vPprS,0.0,0.0,1.0,0.0,60
@BBC,Mon Apr 23 16:01:07 +0000 2018,"üòÇ That time the police busted Mary Berry smuggling ingredients into America‚Ä¶ 
#TheGNShow https://t.co/slxL3klU3h",-0.4767,0.0,0.795,0.205,61
@BBC,Mon Apr 23 15:32:35 +0000 2018,"How much do you know about England, the English and the frequently odd things they do and eat? Celebrate‚Ä¶ https://t.co/zCiIrdYYkW",-0.3182,0.0,0.892,0.108,62
@BBC,Mon Apr 23 15:03:01 +0000 2018,"How does plastic actually enter our oceans? 
#OurBluePlanet  https://t.co/LdOt9inVFS",0.0,0.0,1.0,0.0,63
@BBC,Mon Apr 23 13:53:37 +0000 2018,RT @BBCNews: #royalbaby: Formal notice of birth displayed on forecourt of Buckingham Palace https://t.co/jU2MrpGseg https://t.co/wWgoKAeFaJ,0.0,0.0,1.0,0.0,64
@BBC,Mon Apr 23 13:32:04 +0000 2018,üê∂‚ù§Ô∏è Australian police have praised a dog for remaining with a three-year-old girl as she spent a night lost in bush‚Ä¶ https://t.co/oGu1MgHiI0,0.2263,0.142,0.756,0.102,65
@BBC,Mon Apr 23 12:33:00 +0000 2018,"Beth is a trainee nurse about to start working in A&amp;E. üè•üöë

Can former nurse Una calm her nerves via a hidden earpie‚Ä¶ https://t.co/Z1HXesGbkQ",0.2263,0.097,0.844,0.059,66
@BBC,Mon Apr 23 12:09:01 +0000 2018,"üë∂‚ù§Ô∏è It's a boy! 

The Duchess of Cambridge gives birth to her third child, who is fifth in line to throne. 
üëâ‚Ä¶ https://t.co/txzbor7jKG",0.0,0.0,1.0,0.0,67
@BBC,Mon Apr 23 11:27:23 +0000 2018,"Arthur? Albert? Mary? Alice?

As the Duchess of Cambridge goes into labour with her third child, speculation contin‚Ä¶ https://t.co/3a65q968kv",0.0,0.0,1.0,0.0,68
@BBC,Mon Apr 23 11:00:19 +0000 2018,"From Cold War spy station to Europe‚Äôs largest graffiti gallery.
üëâhttps://t.co/gesQ2io25H https://t.co/7FcEBRJepr",-0.5994,0.0,0.738,0.262,69
@BBC,Mon Apr 23 10:59:52 +0000 2018,"RT @BBC_Culture: Beyond their literary value, do stories have the power to change the world? @clemencybh #100Stories https://t.co/P5tqktMh0‚Ä¶",0.34,0.124,0.876,0.0,70
@BBC,Mon Apr 23 09:35:20 +0000 2018,"RT @BBCOne: Can @nilerogers &amp; Chic condense a lifetime of music into one minute?
#GigInAMinute on #SoundsLikeFridayNight. https://t.co/IUYj‚Ä¶",0.2732,0.116,0.884,0.0,71
@BBC,Mon Apr 23 09:34:07 +0000 2018,RT @bbcthree: This woman will write you a letter when you're going through hard times. https://t.co/A2ZkmvZD9w,-0.1027,0.0,0.909,0.091,72
@BBC,Mon Apr 23 08:32:15 +0000 2018,"RT @BBCBreakfast: We're celebrating 20 years of @carolkirkwood on BBC Breakfast! üéÇüéä
Here are just some of her best bits! üôàüòÇ #20yearsofCarol‚Ä¶",0.8585,0.298,0.702,0.0,73
@BBC,Mon Apr 23 08:00:13 +0000 2018,üêÆü•õ Is this the future of dairy farming?  https://t.co/goewsyXmgF,0.0,0.0,1.0,0.0,74
@BBC,Mon Apr 23 07:44:38 +0000 2018,"üë∂‚ù§Ô∏è Royal baby on the way!

The Duchess of Cambridge has been admitted to hospital in the early stages of labour wi‚Ä¶ https://t.co/FoLkBUkiwB",0.1759,0.071,0.929,0.0,75
@BBC,Mon Apr 23 07:30:49 +0000 2018,RT @BBCBreaking: Duchess of Cambridge has been admitted to hospital in the early stages of labour with her third child https://t.co/ST2R53a‚Ä¶,0.1027,0.065,0.935,0.0,76
@BBC,Mon Apr 23 07:30:05 +0000 2018,"Contrary to popular belief, we now hear more diverse voices than ever before and most people do not live in Faceboo‚Ä¶ https://t.co/RLgNf8khvQ",0.4215,0.118,0.882,0.0,77
@BBC,Mon Apr 23 07:00:09 +0000 2018,üöÄ Three things you didn‚Äôt know about going to Mars. https://t.co/pOPJz82fXB,0.0,0.0,1.0,0.0,78
@BBC,Sun Apr 22 20:17:08 +0000 2018,"Stand up comedy from halloumi enthusiast and absolute lad @joelycett. üòÇ

That's The Way, A-Ha A-Ha, Joe Lycett | 10‚Ä¶ https://t.co/NHdfQKtLmC",0.6124,0.227,0.773,0.0,79
@BBC,Sun Apr 22 19:03:04 +0000 2018,The lives of two half-sisters and their drawing master get caught up in a deadly conspiracy revolving around a ment‚Ä¶ https://t.co/Eczbbv1Xiq,-0.5267,0.0,0.841,0.159,80
@BBC,Sun Apr 22 18:00:24 +0000 2018,üòçüêÆ These cows have been let out for the first time in five months. https://t.co/RYBwAENw0L,0.0,0.0,1.0,0.0,81
@BBC,Sun Apr 22 16:00:22 +0000 2018,‚ù§Ô∏èü¶ç Bolingo is learning to enhance his mental and physical wellbeing. https://t.co/PCd1vtd9mD,0.0,0.0,1.0,0.0,82
@BBC,Sun Apr 22 15:31:08 +0000 2018,It's a boy! üòçThe gender of the UK's first polar bear cub to be born in 25 years has been confirmed... now we just n‚Ä¶ https://t.co/ylwMjGfhBs,0.0,0.0,1.0,0.0,83
@BBC,Sun Apr 22 15:30:13 +0000 2018,RT @BBCNewsbeat: During the #LondonMarathon this man proposed to his girlfriend üíç‚ù§Ô∏è https://t.co/k4EHQiRGo7,0.0,0.0,1.0,0.0,84
@BBC,Sun Apr 22 13:08:03 +0000 2018,"No business cards, a focus on ‚Äòlife-life balance‚Äô and an average employee age of 25-years-old‚Ä¶

Is this the younges‚Ä¶ https://t.co/fwXh4t9W84",-0.296,0.0,0.891,0.109,85
@BBC,Sun Apr 22 12:56:32 +0000 2018,"RT @BBC100women: In 1967, @KVSwitzer became the first woman to officially run the Boston Marathon.

Kathrine has gone on to run another 40‚Ä¶",0.0,0.0,1.0,0.0,86
@BBC,Sun Apr 22 12:15:00 +0000 2018,What a legend. üôå https://t.co/0weiFvPGwD,0.0,0.0,1.0,0.0,87
@BBC,Sun Apr 22 12:03:05 +0000 2018,This is how art is helping Beirut recover from the ravages of war. üé®‚ù§Ô∏èÔ∏è https://t.co/BDswK8zvQE https://t.co/YywZCbNWtU,-0.4019,0.109,0.697,0.194,88
@BBC,Sun Apr 22 12:00:40 +0000 2018,"RT @BBCOne: Third place AND the British record. 

Go Mo! üôåüôå #LondonMarathon https://t.co/fJs3g0LSwk",0.0,0.0,1.0,0.0,89
@BBC,Sun Apr 22 12:00:34 +0000 2018,"RT @BBCOne: Running: not for everyone. 
#LondonMarathon @bbcsport https://t.co/ZgJ2hPF3K2",0.0,0.0,1.0,0.0,90
@BBC,Sun Apr 22 11:06:05 +0000 2018,Imagine a world where scientists are the people kids dreamed of becoming. üî¨üí°üöÄ @KarenLMasters takes us to her ‚Äúscien‚Ä¶ https://t.co/JYagPrcqhB,0.0,0.0,1.0,0.0,91
@BBC,Sun Apr 22 10:43:47 +0000 2018,"RT @bbcgetinspired: Running 26.2 miles = dedication ‚úÖüíØ

But running it dressed as a minion or a giant rhino? Amazing üòÇ

#LondonMarathon #Ge‚Ä¶",0.5859,0.174,0.826,0.0,92
@BBC,Sun Apr 22 10:43:33 +0000 2018,"RT @BBCSport: What a moment for her! After making her marathon debut last year at the age of 33, Kenya's Vivian Cheruiyot has won her first‚Ä¶",0.6114,0.143,0.857,0.0,93
@BBC,Sun Apr 22 10:03:04 +0000 2018,"Before her family went into hiding, Anne Frank exchanged letters with a pen pal from America. üíåüëâ‚Ä¶ https://t.co/WPpcqc0o7S",-0.296,0.0,0.879,0.121,94
@BBC,Sun Apr 22 09:06:18 +0000 2018,"RT @bbcgetinspired: 26.2 miles.
40,000 runners.
40,000 reasons to run.

It's the @LondonMarathon!

Live üëâ https://t.co/3dAqQTmdJ1

üì∫ @BBCOn‚Ä¶",0.0,0.0,1.0,0.0,95
@BBC,Sun Apr 22 09:04:04 +0000 2018,"If you thought being transgender was a recent development, the Ancient Greeks have news for you... https://t.co/qxl9lcqC0O",0.0,0.0,1.0,0.0,96
@BBC,Sun Apr 22 08:47:42 +0000 2018,RT @BBCSport: Paula Radcliffe thinks her record is under threat today from Mary Keitany and Tirunesh Dibaba. We'll soon see. They're off an‚Ä¶,-0.5267,0.0,0.866,0.134,97
@BBC,Sun Apr 22 08:40:21 +0000 2018,"RT @BBCEngland: üèÉ‚Äç‚ôÄÔ∏è‚òÄÔ∏èüèÉ‚Äç‚ôÇÔ∏è Running the #LondonMarathon today? üèÉ‚Äç‚ôÄÔ∏è‚òÄÔ∏èüèÉ‚Äç‚ôÇÔ∏è

Here's what you need to know about running a marathon in the heat‚Ä¶",0.0,0.0,1.0,0.0,98
@BBC,Sun Apr 22 08:39:44 +0000 2018,"RT @BBCOne: Good luck to everyone running the #LondonMarathon today üôå 

Tune in to live coverage üì∫ @bbcone.
Follow live online with @bbcspo‚Ä¶",0.7096,0.237,0.763,0.0,99
@BBC,Sun Apr 22 08:03:06 +0000 2018,How do you put on a world class show when your theatre is surrounded by water? üé≠üé∂üéü https://t.co/SNmeBae451,0.0,0.0,1.0,0.0,100
@CBSNews,Fri Apr 27 00:39:27 +0000 2018,Kim Jong Un walks across border to meet South Korean president -- live updates https://t.co/G0D7Fdg7Ka https://t.co/siZl6zRjDT,0.0,0.0,1.0,0.0,1
@CBSNews,Fri Apr 27 00:36:54 +0000 2018,North Korean leader Kim Jong-un has crossed the demilitarized zone (DMZ) and is welcomed by South Korean President‚Ä¶ https://t.co/rTzcPn1jLw,0.34,0.118,0.882,0.0,2
@CBSNews,Fri Apr 27 00:32:33 +0000 2018,WATCH: North Korean leader Kim Jong-un and South Korean President Moon Jae-in meet before historic summit. The lead‚Ä¶ https://t.co/zzwHBB6Zk5,0.0,0.0,1.0,0.0,3
@CBSNews,Fri Apr 27 00:30:02 +0000 2018,Amazon plans to increase prices for its Prime subscription service to $119 from $99 per year https://t.co/Bs1o0zpjdB https://t.co/h2tqKZpzAj,0.4588,0.2,0.8,0.0,4
@CBSNews,Fri Apr 27 00:27:57 +0000 2018,"With the first pick in the 2018 #NFLDraft, the Cleveland Browns select Baker Mayfield https://t.co/TqpN75wRmA https://t.co/cEBtmsfFYD",0.0,0.0,1.0,0.0,5
@CBSNews,Fri Apr 27 00:23:01 +0000 2018,"DNA match on genealogy sites led to suspected ""Golden State Killer,"" police say https://t.co/0jUPMWq04f https://t.co/zKmu6SK6aM",-0.2263,0.0,0.881,0.119,6
@CBSNews,Fri Apr 27 00:15:02 +0000 2018,Charges dropped against teen accused of threatening school shooting in Vermont https://t.co/AAPzhIo6lj https://t.co/erbf3ixWIn,-0.7717,0.0,0.565,0.435,7
@CBSNews,Fri Apr 27 00:09:01 +0000 2018,Kanye West tweets texts with John Legend about support for Trump https://t.co/WUYGoFnbhg https://t.co/mJVanCIzIE,0.4019,0.184,0.816,0.0,8
@CBSNews,Fri Apr 27 00:06:30 +0000 2018,Watch: 2018 #NFLDraft live updates and analysis https://t.co/nMV7sHVlEb https://t.co/iX1TlKwpoo,0.0,0.0,1.0,0.0,9
@CBSNews,Fri Apr 27 00:00:32 +0000 2018,"WATCH: After their boat capsized, one man was able to swim ashore -- another was trapped underneath the boat for ne‚Ä¶ https://t.co/6PBknzqCAo",-0.5267,0.0,0.861,0.139,10
@CBSNews,Fri Apr 27 00:00:02 +0000 2018,"Kentucky teen leaves school with stranger, texts for help https://t.co/rsRQV0S9aj https://t.co/zTGPeq77tL",0.4019,0.213,0.787,0.0,11
@CBSNews,Thu Apr 26 23:55:27 +0000 2018,"FBI gave ""derogatory information"" about Rob Porter to the White House in March 2017 https://t.co/7pzK0vwiKK https://t.co/p8AjAW7w1Q",-0.5574,0.0,0.806,0.194,12
@CBSNews,Thu Apr 26 23:45:01 +0000 2018,Nationwide manhunt continues for suspect accused of killing police officer in Maine https://t.co/2SOLvXP11E https://t.co/Rbze0BCRoX,-0.8316,0.0,0.556,0.444,13
@CBSNews,Thu Apr 26 23:30:03 +0000 2018,"Senate Ethics Committee ""severely admonished"" Sen. Bob Menendez, who faced a public corruption trial last year that‚Ä¶ https://t.co/jg4UNjNA6x",-0.7096,0.0,0.718,0.282,14
@CBSNews,Thu Apr 26 23:25:01 +0000 2018,"Bill Cosby, once known as ""America's dad,"" convicted. The 80-year-old is facing up to 30 years behind bars for sexu‚Ä¶ https://t.co/rjpN1V5ZzI",0.0,0.0,1.0,0.0,15
@CBSNews,Thu Apr 26 23:15:02 +0000 2018,"After 40 years, police have arrested the man they think committed at least 50 rapes and 12 murders. Tracy Smith has‚Ä¶ https://t.co/SiAIK3wYii",-0.8885,0.066,0.568,0.366,16
@CBSNews,Thu Apr 26 23:07:00 +0000 2018,"RT @CBSEveningNews: ‚ÄúIf I get a phone call, I might start crying immediately‚Äù

UCF star Shaquem Griffin is like hundreds dreaming of a spot‚Ä¶",-0.1531,0.106,0.763,0.131,17
@CBSNews,Thu Apr 26 23:01:01 +0000 2018,Starbucks CEO says incident in Philadelphia has not affected sales https://t.co/DtcN1Kx1u0 https://t.co/tHu24FIY26,0.1139,0.116,0.884,0.0,18
@CBSNews,Thu Apr 26 23:00:02 +0000 2018,"Kim Jong Un to become first North Korean leader in decades to set foot in the South; 
questions remain about whethe‚Ä¶ https://t.co/JN9ViWfVTR",0.0,0.0,1.0,0.0,19
@CBSNews,Thu Apr 26 22:58:00 +0000 2018,"RT @CBSEveningNews: New video was released today from Monday's van attack in Toronto. 

It shows the Ryder van darting down a sidewalk. Som‚Ä¶",-0.4767,0.0,0.871,0.129,20
@CBSNews,Thu Apr 26 22:49:31 +0000 2018,"RT @CBSEveningNews: ‚ÄúHe threatened to kill a lot of people in our school‚Äù

A teen who planned a school massacre but never carried it out, w‚Ä¶",-0.5927,0.0,0.812,0.188,21
@CBSNews,Thu Apr 26 22:48:32 +0000 2018,"RT @CBSEveningNews: Tonight, Kim Jong Un will become the first North Korean leader to set foot in the south since the fighting stopped 65 y‚Ä¶",-0.5267,0.0,0.839,0.161,22
@CBSNews,Thu Apr 26 22:48:03 +0000 2018,"RT @CBSEveningNews: We are learning more tonight about how detectives used D.N.A. evidence to track down Joseph DeAngelo, the suspect in th‚Ä¶",-0.296,0.0,0.905,0.095,23
@CBSNews,Thu Apr 26 22:45:02 +0000 2018,Parents of slain student Otto Warmbier sue North Korea over son's death https://t.co/c4ddYDsqZ8 https://t.co/ZFfDU3yqtq,-0.5994,0.0,0.769,0.231,24
@CBSNews,Thu Apr 26 22:43:08 +0000 2018,"RT @CBSEveningNews: The FBI has announced a $20,000 reward for information leading to the capture of John Williams, suspected of killing of‚Ä¶",-0.3818,0.132,0.643,0.225,25
@CBSNews,Thu Apr 26 22:40:01 +0000 2018,"RT @CBSEveningNews: ‚ÄúIf I were the president I wouldn't want your help I would just get rid of you‚Äù

With his job on the line, EPA head Sco‚Ä¶",-0.357,0.0,0.869,0.131,26
@CBSNews,Thu Apr 26 22:40:00 +0000 2018,"RT @CBSEveningNews: What comes next following the Cosby conviction?

@rikkijklieman will break down the verdict https://t.co/Zvv4AwfUU4",0.1531,0.096,0.904,0.0,27
@CBSNews,Thu Apr 26 22:34:00 +0000 2018,"RT @CBSEveningNews: ""Justice was delayed, but it was not denied""

Once ‚ÄúAmerica‚Äôs Dad‚Äù, comedian Bill Cosby faces up to 30 years in prison‚Ä¶",0.8052,0.299,0.652,0.05,28
@CBSNews,Thu Apr 26 22:30:50 +0000 2018,"Hilton the shark weighs 1,326 pounds and12.5 feet long. But what is possibly the most impressive thing about this c‚Ä¶ https://t.co/7i67BpGr51",0.5563,0.152,0.848,0.0,29
@CBSNews,Thu Apr 26 22:15:33 +0000 2018,".@FLOTUS Melania Trump turns 48 today. Happy birthday, Melania!  https://t.co/7Li8mTIcpY https://t.co/O1e6VChpqD",0.6114,0.285,0.715,0.0,30
@CBSNews,Thu Apr 26 22:00:03 +0000 2018,"Within hours of his swearing in, Mike Pompeo was already off on his first trip as secretary of state‚Ä¶ https://t.co/2fpZPGhwhF",-0.25,0.0,0.905,0.095,31
@CBSNews,Thu Apr 26 21:45:36 +0000 2018,A local bar's name is creating controversy in a small Wisconsin city. Some find the bar is promoting sexual assault‚Ä¶ https://t.co/8489yp7V2s,0.5719,0.217,0.783,0.0,32
@CBSNews,Thu Apr 26 21:30:02 +0000 2018,"By reaching millions of readers, Michelle McNamara shined a brighter light on the ""Golden State Killer"" case than h‚Ä¶ https://t.co/px5Lo5yYSO",-0.2263,0.178,0.648,0.174,33
@CBSNews,Thu Apr 26 21:15:01 +0000 2018,27-year-old woman dies from rare rodent-borne disease 3 months after first showing symptoms https://t.co/163ikKxjXD https://t.co/cM2bUFzlT4,0.0,0.0,1.0,0.0,34
@CBSNews,Thu Apr 26 20:50:01 +0000 2018,Former federal judge appointed as special master in Michael Cohen case; Barbara Jones to help determine what materi‚Ä¶ https://t.co/Cik7Q3iV6s,0.6597,0.241,0.759,0.0,35
@CBSNews,Thu Apr 26 20:36:34 +0000 2018,Kim Jong Un is bringing his own toilet to the Koreas summit https://t.co/kl27kGprvn https://t.co/u1IG9ehLgp,0.0,0.0,1.0,0.0,36
@CBSNews,Thu Apr 26 20:15:02 +0000 2018,Kentucky man's video goes viral after he uses Walmart intercom to ask for help https://t.co/A5W5l1HVQm https://t.co/MyFf6ycfp5,0.4019,0.153,0.847,0.0,37
@CBSNews,Thu Apr 26 19:50:39 +0000 2018,"After 13 hours of deliberation, a jury found Bill Cosby guilty on all three counts of aggravated indecent assault;‚Ä¶ https://t.co/65c5mQIdaH",-0.6908,0.0,0.749,0.251,38
@CBSNews,Thu Apr 26 19:43:55 +0000 2018,"@CBSNews¬†""The guy was an actor for a long time. And it was an act. It was an act. We got to see who he really was,""‚Ä¶ https://t.co/YGmqU4nTx6",0.0,0.0,1.0,0.0,39
@CBSNews,Thu Apr 26 19:35:24 +0000 2018,"@CBSNews¬†""[Bill Cosby] may be facing years in prison. He was convicted of three counts of this so technically that‚Ä¶ https://t.co/GN5hDmoUrU",-0.5106,0.0,0.858,0.142,40
@CBSNews,Thu Apr 26 19:32:38 +0000 2018,"@CBSNews¬†""So we hope that this case sends a strong message that the victims of these types of crimes can come forwa‚Ä¶ https://t.co/lnu80BUKfo",0.6344,0.233,0.684,0.083,41
@CBSNews,Thu Apr 26 19:21:56 +0000 2018,"@CBSNews¬†Steele: ""The most important person in this is Andrea Constand. There you are. 14 years later it may be eas‚Ä¶ https://t.co/qj2Xj4UyP5",0.2716,0.091,0.909,0.0,42
@CBSNews,Thu Apr 26 19:18:45 +0000 2018,"""What was revealed through this investigation was a man who had spent decades preying on women that he drugged and‚Ä¶ https://t.co/608GKNCstp",0.0,0.0,1.0,0.0,43
@CBSNews,Thu Apr 26 19:16:43 +0000 2018,14 endangered sea turtles were released back into their natural habitat this week after getting stranded in chilly‚Ä¶ https://t.co/jj2OwwrSRf,0.3612,0.122,0.878,0.0,44
@CBSNews,Thu Apr 26 19:13:33 +0000 2018,WATCH NOW: Prosecutors speak after guilty verdict in Bill Cosby sexual assault trial. https://t.co/fhSpFnZ1fn https://t.co/2CS7D8wKma,-0.7184,0.079,0.594,0.327,45
@CBSNews,Thu Apr 26 19:08:01 +0000 2018,"New York federal judge appoints Barbara Jones, a former Manhattan federal judge, to help determine what materials s‚Ä¶ https://t.co/98YCOi33dm",0.4019,0.137,0.863,0.0,46
@CBSNews,Thu Apr 26 18:41:51 +0000 2018,"‚ÄúBut today, this jury has shown¬†that what the #MeToo¬†movement is saying is that¬†women are worthy of being¬†believed,‚Ä¶ https://t.co/L1YekMN79o",0.4404,0.121,0.879,0.0,47
@CBSNews,Thu Apr 26 18:37:25 +0000 2018,"Attorney Gloria Allred and some of her clients chant: ""Bill Cosby, three words for you: Guilty, guilty, guilty.""‚Ä¶ https://t.co/IbieTbsJJX",-0.6808,0.0,0.752,0.248,48
@CBSNews,Thu Apr 26 18:34:59 +0000 2018,"""This an 'her-storic' result ‚Ä¶ Not history, but the story of her,"" attorney Gloria Allred says. ""The story of all o‚Ä¶ https://t.co/bk7rFp13TX",0.0,0.0,1.0,0.0,49
@CBSNews,Thu Apr 26 18:30:50 +0000 2018,"""We are so happy that finally we can say women are believed, and not only on #MeToo, but in a court of law where th‚Ä¶ https://t.co/9VjUFe0FPP",0.4349,0.107,0.893,0.0,50
@CBSNews,Thu Apr 26 18:15:25 +0000 2018,WATCH: Bill Cosby walks out of Pennsylvania courtroom after being found guilty on 3 counts of aggravated indecent a‚Ä¶ https://t.co/7MIRKR7YW2,-0.6908,0.0,0.749,0.251,51
@CBSNews,Thu Apr 26 18:09:12 +0000 2018,".@Jerickaduncan on the scene inside the courtroom: ""We do know, just from the reporting I'm hearing inside, that it‚Ä¶ https://t.co/7xofMLJgZO",0.0,0.0,1.0,0.0,52
@CBSNews,Thu Apr 26 18:01:34 +0000 2018,".@Jerickaduncan reports on why prosecutors chose Andrea Constand's case for retrial: ""In this particular case, this‚Ä¶ https://t.co/EzRc1HtW1D",0.0,0.0,1.0,0.0,53
@CBSNews,Thu Apr 26 17:51:55 +0000 2018,JUST IN: Bill Cosby has been found guilty on all 3 counts of aggravated indecent assault; he faces up to 30 years i‚Ä¶ https://t.co/STjRH1fJYF,-0.8591,0.0,0.678,0.322,54
@CBSNews,Thu Apr 26 17:40:01 +0000 2018,"About 1 in 59 children in the United States live with autism spectrum disorder, according to a report from the CDC‚Ä¶ https://t.co/rO4F7ndCUs",0.0258,0.119,0.766,0.115,55
@CBSNews,Thu Apr 26 17:32:06 +0000 2018,MORE:  Judge Kimba Wood appoints former SDNY Judge Barbara Jones to be special master in the matter of the search w‚Ä¶ https://t.co/bt7gK9iBE0,0.4215,0.16,0.84,0.0,56
@CBSNews,Thu Apr 26 17:30:57 +0000 2018,"MOMENTS AGO: Michael Avenatti, the lawyer for Stormy Daniels, speaks to the press https://t.co/rTX1assMjb https://t.co/vQazpFYiFI",0.0,0.0,1.0,0.0,57
@CBSNews,Thu Apr 26 17:10:34 +0000 2018,JUST IN: Senate confirms Mike Pompeo as the next secretary of state in 57-42 vote https://t.co/sJYHOm6QPj https://t.co/CaDakR42sJ,0.0,0.0,1.0,0.0,58
@CBSNews,Thu Apr 26 17:05:01 +0000 2018,"President Trump will visit the U.K. on July 13 for a ""working visit"" with Prime Minister Theresa May, the White Hou‚Ä¶ https://t.co/BG1krztiEm",0.0,0.0,1.0,0.0,59
@CBSNews,Thu Apr 26 16:51:29 +0000 2018,Explosion rocks Wisconsin refinery; several injuries reported https://t.co/X5vE7iwbFI https://t.co/H4IPM6UtgD,0.0,0.0,1.0,0.0,60
@CBSNews,Thu Apr 26 16:40:01 +0000 2018,Senate Judiciary Committee votes to advance a bill to protect special counsel Robert Mueller's job:‚Ä¶ https://t.co/0NwVghLCAe,0.6486,0.29,0.71,0.0,61
@CBSNews,Thu Apr 26 16:25:01 +0000 2018,Southwest Airlines says the in-flight engine explosion that killed a female customer is  hitting its ticket sales‚Ä¶ https://t.co/jmcJvFJcGZ,-0.6705,0.0,0.78,0.22,62
@CBSNews,Thu Apr 26 16:10:18 +0000 2018,"Even when you're a royal, being a new dad is hard. https://t.co/in6iVmTyJc https://t.co/O7OCQfYAB7",-0.1027,0.0,0.877,0.123,63
@CBSNews,Thu Apr 26 15:55:01 +0000 2018,"President Trump hit a number of topics -- from Ronny Jackson to Michael Cohen -- in a nearly 30-minute, freewheelin‚Ä¶ https://t.co/vDviLZDWkN",0.0772,0.067,0.933,0.0,64
@CBSNews,Thu Apr 26 15:51:31 +0000 2018,"Avicii ""could not go on any longer"" and ""wanted to find peace,"" his family says: https://t.co/CjhmmR3zch https://t.co/5MaWO61RNN",0.0,0.0,1.0,0.0,65
@CBSNews,Thu Apr 26 15:40:41 +0000 2018,"MOMENTS AGO: President Trump's personal lawyer, Michael Cohen, enters a federal courthouse in lower Manhattan‚Ä¶ https://t.co/JGK97FLS0e",-0.296,0.0,0.864,0.136,66
@CBSNews,Thu Apr 26 15:40:37 +0000 2018,"White House doctor Ronny Jackson, who famously gave President Trump a clean bill of health during a White House bri‚Ä¶ https://t.co/yJnN736URr",0.4019,0.13,0.87,0.0,67
@CBSNews,Thu Apr 26 15:20:03 +0000 2018,Ford just announced it's getting rid of all the cars in its North American lineup but 2 https://t.co/ovWryWCaVa https://t.co/JxUVSCkoMh,0.0,0.0,1.0,0.0,68
@CBSNews,Thu Apr 26 15:06:40 +0000 2018,WATCH LIVE: President Trump is greeting riders in the Wounded Warrior Project's Soldier Ride at the White House‚Ä¶ https://t.co/lCUc9eRZXi,0.3818,0.126,0.874,0.0,69
@CBSNews,Thu Apr 26 14:50:03 +0000 2018,"A dog named ""Rocky,"" who was left to die in a park near Philadelphia, is finally eating after undergoing emergency‚Ä¶ https://t.co/lFC14LkaUo",-0.5994,0.0,0.822,0.178,70
@CBSNews,Thu Apr 26 14:34:19 +0000 2018,WATCH NOW: EPA chief Scott Pruit testifies on Capitol Hill as he faces questions over alleged ethics lapses.‚Ä¶ https://t.co/2Wuo9UDmnr,0.0,0.0,1.0,0.0,71
@CBSNews,Thu Apr 26 14:26:04 +0000 2018,The royal baby's name hasn't been revealed yet -- but Prince William may have just dropped a hint.‚Ä¶ https://t.co/4g6ll4hnkb,0.0,0.0,1.0,0.0,72
@CBSNews,Thu Apr 26 14:00:59 +0000 2018,"Autistic boy builds the world's largest Lego replica of the Titanic, discovers his calling in the process‚Ä¶ https://t.co/RCjLfGk3DJ",0.0,0.0,1.0,0.0,73
@CBSNews,Thu Apr 26 13:45:01 +0000 2018,Bobby Kennedy's life and transformation into a liberal hero is coming to Netflix in a new four-part documentary ser‚Ä¶ https://t.co/InpvjGKeSu,0.5574,0.175,0.825,0.0,74
@CBSNews,Thu Apr 26 13:30:01 +0000 2018,"Mary Daly, DOJ's opioid point person, will focus on fentanyl, the deadly painkiller fueling the crisis.‚Ä¶ https://t.co/MA07cFQR7H",0.0,0.0,1.0,0.0,75
@CBSNews,Thu Apr 26 13:15:02 +0000 2018,A grueling Republican Senate race in Vice President Mike Pence's home state of Indiana has been dubbed the nation's‚Ä¶ https://t.co/iZPrM35H8X,0.0,0.0,1.0,0.0,76
@CBSNews,Thu Apr 26 13:00:03 +0000 2018,Republicans have known for months that their House majority is in peril. But after another bruising showing in a sp‚Ä¶ https://t.co/fbJUU0r4Tt,-0.4019,0.0,0.876,0.124,77
@CBSNews,Thu Apr 26 12:40:01 +0000 2018,Research by Chinese geologists suggests that the mountain above North Korea's main nuclear test site has likely col‚Ä¶ https://t.co/6KsofREZ8D,0.0,0.0,1.0,0.0,78
@CBSNews,Thu Apr 26 12:36:13 +0000 2018,".@JakeTapper aims to uncover the truth with his hard-nosed interviews. But now in his new book, Tapper turns his at‚Ä¶ https://t.co/kafMtuKuAJ",0.3182,0.103,0.897,0.0,79
@CBSNews,Thu Apr 26 12:34:01 +0000 2018,Here‚Äôs another look at this morning‚Äôs headlines on @CBSThisMorning: https://t.co/z65m2ItnFv,0.0,0.0,1.0,0.0,80
@CBSNews,Thu Apr 26 12:25:08 +0000 2018,National security issues are dominating President Trump‚Äôs days. @CBSThisMorning co-host @jdickerson‚Äôs cover story i‚Ä¶ https://t.co/wutForyUuU,0.0516,0.136,0.739,0.125,81
@CBSNews,Thu Apr 26 12:20:01 +0000 2018,"Train crashes into school van at an ungated railroad crossing in northern India, killing 12 children, police say.‚Ä¶ https://t.co/Ep5Hle76ix",-0.6597,0.0,0.804,0.196,82
@CBSNews,Thu Apr 26 12:16:30 +0000 2018,"South Africa's so-called ""Day Zero"" of no water has been pushed back to 2019, but global water shortages are still‚Ä¶ https://t.co/2hrEEL9pIV",-0.2263,0.0,0.868,0.132,83
@CBSNews,Thu Apr 26 12:16:26 +0000 2018,RT @CBSThisMorning: AHEAD: @JakeTapper joins us live in Studio 57. https://t.co/1eYxUr91i2,0.0,0.0,1.0,0.0,84
@CBSNews,Thu Apr 26 12:09:25 +0000 2018,French President Emmanuel Macron says he thinks President Trump will back out of the Iran nuclear deal in the next‚Ä¶ https://t.co/DjeuVVXTVT,0.0,0.0,1.0,0.0,85
@CBSNews,Thu Apr 26 12:06:14 +0000 2018,Rear Adm. Ronny Jackson is withdrawing his nomination to be Veteran Affairs secretary. @MajorCBS is outside the Whi‚Ä¶ https://t.co/GCwPo23NaG,0.0,0.0,1.0,0.0,86
@CBSNews,Thu Apr 26 12:01:01 +0000 2018,"NEW: White House doctor Ronny Jackson withdraws nomination to lead department of Veterans Affairs, calls allegation‚Ä¶ https://t.co/ikZ2UupCH9",0.0,0.0,1.0,0.0,87
@CBSNews,Thu Apr 26 12:00:02 +0000 2018,Prisoner on Texas death row for killing a 5-year-old girl and her grandmother at a child's birthday party a decade‚Ä¶ https://t.co/Q3VrlKehfa,-0.8779,0.095,0.491,0.414,88
@CBSNews,Thu Apr 26 11:53:39 +0000 2018,.@CBSThisMorning takes a look at some of today‚Äôs headlines from around the globe: https://t.co/O47vpjZnF2,0.0,0.0,1.0,0.0,89
@CBSNews,Thu Apr 26 11:45:46 +0000 2018,Veterans are twice as likely as non-veterans to die from accidental overdoses involving prescription opioids. In an‚Ä¶ https://t.co/Q5ouqWsSZA,-0.6369,0.0,0.755,0.245,90
@CBSNews,Thu Apr 26 11:40:06 +0000 2018,An official from the Port Authority of New York and New Jersey caught on video apparently trying to influence polic‚Ä¶ https://t.co/lUlYtXi4jP,0.0772,0.061,0.939,0.0,91
@CBSNews,Thu Apr 26 11:40:01 +0000 2018,"Prince Harry has asked elder brother Prince William to be best man at his wedding next month, Britain's royal offic‚Ä¶ https://t.co/IQqkZ1MDXS",0.6369,0.174,0.826,0.0,92
@CBSNews,Thu Apr 26 11:35:05 +0000 2018,Hip hop mogul Kanye West is facing backlash from some fans and music industry peers for a series of tweets offering‚Ä¶ https://t.co/ISywAjnaB1,0.0,0.0,1.0,0.0,93
@CBSNews,Thu Apr 26 11:22:41 +0000 2018,"Former President George H.W. Bush is out of intensive care. A family spokesman says Mr. Bush is alert and talking,‚Ä¶ https://t.co/ZusrIRptli",0.6597,0.231,0.769,0.0,94
@CBSNews,Thu Apr 26 11:20:01 +0000 2018,"""We just didn't give up."" Survivor terrorized by Golden State Killer speaks out after arrest made in decades-long c‚Ä¶ https://t.co/EaR0b8P7GH",-0.9171,0.0,0.553,0.447,95
@CBSNews,Thu Apr 26 11:19:32 +0000 2018,"New numbers, released by AAA, show a historic rise in the number of deaths from hit-and-run crashes. More than 2,00‚Ä¶ https://t.co/jY4YZGvj5j",0.0772,0.064,0.936,0.0,96
@CBSNews,Thu Apr 26 11:17:38 +0000 2018,"Pres. Trump's personal attorney, Michael Cohen, says he will plead the 5th in the Stormy Daniels lawsuit. The move‚Ä¶ https://t.co/TOkzDuK6CJ",-0.2263,0.0,0.909,0.091,97
@CBSNews,Thu Apr 26 11:11:29 +0000 2018,White House sources tell CBS News they suspect Rear Adm. Ronny Jackson will withdraw his nomination to be VA secret‚Ä¶ https://t.co/EbpWvn8Q4e,-0.296,0.0,0.901,0.099,98
@CBSNews,Thu Apr 26 11:08:38 +0000 2018,Strikes by teachers across Arizona and Colorado today and tomorrow will force more than a million students to miss‚Ä¶ https://t.co/fFgTO6DvSW,-0.3612,0.0,0.878,0.122,99
@CBSNews,Thu Apr 26 11:04:57 +0000 2018,Investigators in California say advanced DNA technology led them to one of the country's most notorious serial kill‚Ä¶ https://t.co/GeRdQKsdGT,-0.2944,0.09,0.766,0.144,100
@CNN,Fri Apr 27 00:21:35 +0000 2018,South Korea's Moon Jae-in has arrived in the demilitarized zone (DMZ) for the inter-Korea summit.‚Ä¶ https://t.co/QMjwSWPKt0,0.0,0.0,1.0,0.0,1
@CNN,Fri Apr 27 00:14:39 +0000 2018,That time Fox News tried to wrap up a Trump interview -- CNN's Jeanne Moos has more https://t.co/T3Nrbtprsk https://t.co/WNNqcUMoDC,0.0,0.0,1.0,0.0,2
@CNN,Fri Apr 27 00:04:17 +0000 2018,South Korean President Moon Jae-in's motorcade has crossed the Unification Bridge and entered the demilitarized zon‚Ä¶ https://t.co/ttJDgbLeE2,0.0,0.0,1.0,0.0,3
@CNN,Thu Apr 26 23:52:07 +0000 2018,".@camanpour: What do you expect to be the outcome of the North/South summit?

North Korean defector, Thae Yong-ho:‚Ä¶ https://t.co/1IwP7dgqtI",-0.4404,0.0,0.861,0.139,4
@CNN,Thu Apr 26 23:51:32 +0000 2018,1 poll number that should be a wake-up call for politicians | Analysis by @CillizzaCNN https://t.co/FzdttniB6q https://t.co/BuYOFJ4s5l,0.0772,0.091,0.909,0.0,5
@CNN,Thu Apr 26 23:45:50 +0000 2018,RT @cnni: South Korea's Moon Jae-in has set off and is en route to the demilitarized zone (DMZ) to meet North Korea's Kim Jong Un. Live upd‚Ä¶,0.0,0.0,1.0,0.0,6
@CNN,Thu Apr 26 23:45:21 +0000 2018,"RT @OutFrontCNN: Sen. Richard Blumenthal calls Trump's comments about the DOJ during his Fox and Friends interview ""a very ominous and thre‚Ä¶",0.1045,0.12,0.775,0.104,7
@CNN,Thu Apr 26 23:42:07 +0000 2018,"The man who police say is the Golden State Killer was found using DNA-matching information from genealogy websites,‚Ä¶ https://t.co/ws3Y4LL7Qn",-0.6486,0.0,0.807,0.193,8
@CNN,Thu Apr 26 23:37:02 +0000 2018,"OK, Apu is funny -- but there's still a big problem | By Ali Noorani via @CNNOpinion https://t.co/GCx4KbGHY8 https://t.co/fZ5kqxFl07",-0.1614,0.182,0.652,0.165,9
@CNN,Thu Apr 26 23:36:38 +0000 2018,"RT @OutFrontCNN: Stephen Moore says the ""character assassination"" of Scott Pruitt is because he doesn't believe in climate change, adding t‚Ä¶",-0.5994,0.0,0.837,0.163,10
@CNN,Thu Apr 26 23:31:09 +0000 2018,Several prominent Democratic lawmakers want to know more about why House Speaker Paul Ryan requested that the House‚Ä¶ https://t.co/NDYVDZIuti,0.3818,0.175,0.825,0.0,11
@CNN,Thu Apr 26 23:27:45 +0000 2018,61% of GOP voters say Mueller's probe into potential coordination between the Trump campaign and the Russian govern‚Ä¶ https://t.co/pTiIoc29oj,0.0,0.0,1.0,0.0,12
@CNN,Thu Apr 26 23:25:22 +0000 2018,South Korea's Moon Jae-in has set off and is en route to the demilitarized zone (DMZ) to meet North Korea's Kim Jon‚Ä¶ https://t.co/oY5XXc4Exl,0.0,0.0,1.0,0.0,13
@CNN,Thu Apr 26 23:22:33 +0000 2018,President Donald Trump extended the deadline for the public release of the John F. Kennedy assassination files to 2‚Ä¶ https://t.co/bJCKZoRImE,-0.5994,0.0,0.83,0.17,14
@CNN,Thu Apr 26 23:21:40 +0000 2018,Kanye only cares about himself ... just like Trump | By Clay Cane via @CNNOpinion https://t.co/NiTJxZ1gmK https://t.co/iheMHcbwJr,0.6705,0.282,0.718,0.0,15
@CNN,Thu Apr 26 23:20:31 +0000 2018,The Senate Ethics Committee issued a blistering letter admonishing Democratic Sen. Bob Menendez of New Jersey for a‚Ä¶ https://t.co/3BLB66dlOh,0.0,0.0,1.0,0.0,16
@CNN,Thu Apr 26 23:19:05 +0000 2018,"""Avengers: Infinity War"" could make box office history this weekend https://t.co/TbXQOlllOC https://t.co/DPorGxQA2J",-0.5994,0.0,0.738,0.262,17
@CNN,Thu Apr 26 23:17:37 +0000 2018,"Six in 10 Republican voters now believe special counsel Robert Mueller's investigation is unfair, a 15-point swing‚Ä¶ https://t.co/gSxZS33kIe",-0.1027,0.13,0.721,0.149,18
@CNN,Thu Apr 26 23:15:29 +0000 2018,"For Jessica Nabongo,becoming the first black woman to visit every country on Earth isn't just about getting her nam‚Ä¶ https://t.co/C8ohDybMqt",0.0,0.0,1.0,0.0,19
@CNN,Thu Apr 26 23:13:44 +0000 2018,When kids take over the White House press briefing https://t.co/Yb9CbSDhQg https://t.co/NONtYhPeeA,0.0,0.0,1.0,0.0,20
@CNN,Thu Apr 26 23:12:41 +0000 2018,"RT @OutFrontCNN: ""All of this is going to come back and haunt him"" says former Nixon WH Counsel John Dean about President Trump's interview‚Ä¶",-0.4019,0.0,0.895,0.105,21
@CNN,Thu Apr 26 23:12:15 +0000 2018,Giving the antibiotic azithromycin twice a year to young children in sub-Saharan Africa reduced childhood deaths by‚Ä¶ https://t.co/7uQFmrOT7Y,0.34,0.13,0.87,0.0,22
@CNN,Thu Apr 26 23:08:03 +0000 2018,Illinois Democratic Sen. Tammy Duckworth returned to the Senate floor with her newborn baby to cast a vote -- most‚Ä¶ https://t.co/6thPmJcmGL,0.0,0.0,1.0,0.0,23
@CNN,Thu Apr 26 22:56:04 +0000 2018,"The Marvel Cinematic Universe is more than just action-packed fighting, cool super suits and memorable one-liners.‚Ä¶ https://t.co/FbVlbcEfGd",0.7579,0.367,0.531,0.102,24
@CNN,Thu Apr 26 22:51:05 +0000 2018,"One in 59 US children has autism, according to a new CDC report https://t.co/8W88txds5V https://t.co/7nSgLJrDJb",0.0,0.0,1.0,0.0,25
@CNN,Thu Apr 26 22:46:07 +0000 2018,South Korea's President Moon Jae-in and North Korean leader Kim Jong Un will meet for the first time in more than a‚Ä¶ https://t.co/AY4gP633Vm,0.0,0.0,1.0,0.0,26
@CNN,Thu Apr 26 22:45:01 +0000 2018,A judge has dismissed a lawsuit by a man who claimed he was unfairly kicked out of a New York City bar for wearing‚Ä¶ https://t.co/QEKfmkuPbF,-0.2263,0.0,0.913,0.087,27
@CNN,Thu Apr 26 22:43:50 +0000 2018,"So, Scott Pruitt totally lied about raises for his employees | Analysis by @CillizzaCNN https://t.co/eyscSzo291 https://t.co/iOYsEPA4as",-0.4391,0.0,0.829,0.171,28
@CNN,Thu Apr 26 22:40:43 +0000 2018,"What happens now that comedian Bill Cosby has been convicted?

- He's allowed to go home
- He can't leave Pennsylva‚Ä¶ https://t.co/Hq73qlSsGL",0.4114,0.172,0.828,0.0,29
@CNN,Thu Apr 26 22:34:53 +0000 2018,"The United States has effectively closed its doors on Huawei and ZTE, two of China's biggest tech companies.

That'‚Ä¶ https://t.co/xOoiY3sdx6",0.6908,0.241,0.759,0.0,30
@CNN,Thu Apr 26 22:33:06 +0000 2018,Nine teenagers have died and one is missing from an organized trip after flash floods swept across Israel and the W‚Ä¶ https://t.co/aH57Yk7iJp,-0.7003,0.0,0.775,0.225,31
@CNN,Thu Apr 26 22:27:05 +0000 2018,"For the first time in over a decade, the leaders of a divided Korea will sit down to negotiate an end to a decades-‚Ä¶ https://t.co/F9u8nMRWKd",0.0,0.0,1.0,0.0,32
@CNN,Thu Apr 26 22:19:03 +0000 2018,"The parents of Otto Warmbier have filed a wrongful death lawsuit against the North Korean government, charging that‚Ä¶ https://t.co/PIzCsodm61",-0.7003,0.0,0.734,0.266,33
@CNN,Thu Apr 26 22:18:07 +0000 2018,"RT @CNNSitRoom: ‚ÄúYou are unfit to hold public office and undeserving of the public trust.‚Äù Lawmakers grill Scott Pruitt, the embattled admi‚Ä¶",-0.4404,0.0,0.879,0.121,34
@CNN,Thu Apr 26 22:15:17 +0000 2018,The White House releases photos of the meeting between newly confirmed US Secretary of State Mike Pompeo and North‚Ä¶ https://t.co/OvZBxcA2rm,0.0,0.0,1.0,0.0,35
@CNN,Thu Apr 26 22:07:40 +0000 2018,Amazon is raising the price of Amazon Prime from $99 to $119 per year https://t.co/O8ZVUO8flb https://t.co/NSgFxwaiDA,0.34,0.195,0.805,0.0,36
@CNN,Thu Apr 26 22:06:45 +0000 2018,"California's DNA database law drew the wrath of privacy rights groups, but it may have helped nab the Golden State‚Ä¶ https://t.co/6ERsSKCQPM",0.0,0.0,1.0,0.0,37
@CNN,Thu Apr 26 22:05:20 +0000 2018,"Attorney General Jeff Sessions told a House panel that ""this thing needs to conclude,"" potentially in reference to‚Ä¶ https://t.co/O0EIilLFGq",0.0,0.0,1.0,0.0,38
@CNN,Thu Apr 26 22:04:11 +0000 2018,"The Trump administration has announced an end to a protected status for roughly 9,000 Nepalese immigrants that has‚Ä¶ https://t.co/G8QNEJOSfM",0.4404,0.146,0.854,0.0,39
@CNN,Thu Apr 26 22:02:57 +0000 2018,Wells Fargo may be in even more trouble: The federal government has urged the embattled bank's board of directors t‚Ä¶ https://t.co/ggMnP3sUu7,-0.2484,0.083,0.792,0.125,40
@CNN,Thu Apr 26 22:00:28 +0000 2018,Here's how an Alabama newspaper marked the opening of the nation's first lynching memorial https://t.co/gOtTDIsKQ9 https://t.co/MGeGqksQ5c,0.0,0.0,1.0,0.0,41
@CNN,Thu Apr 26 21:59:10 +0000 2018,Domino's stock surged 8% to a new record after reporting earnings and sales that topped forecasts‚Ä¶ https://t.co/kelLbGlv84,0.0,0.0,1.0,0.0,42
@CNN,Thu Apr 26 21:54:27 +0000 2018,"The 53 most stunning lines from Donald Trump's ""Fox &amp; Friends"" interview | Analysis by @CillizzaCNN‚Ä¶ https://t.co/FmkePwGl4E",0.7178,0.3,0.7,0.0,43
@CNN,Thu Apr 26 21:52:21 +0000 2018,6 new Gmail features worth trying -- and how to get them now https://t.co/6VZAKhK4Zd https://t.co/78MRT5gYKF,0.2263,0.128,0.872,0.0,44
@CNN,Thu Apr 26 21:49:06 +0000 2018,"Colin Jost and Michael Che, anchors of ""Weekend Update"" on ""SNL,"" will co-host this year's Emmy Awards‚Ä¶ https://t.co/0H5depY27E",0.0,0.0,1.0,0.0,45
@CNN,Thu Apr 26 21:31:08 +0000 2018,"‚ÄúHow many women will it take before one woman is believed against the denials of a rich, powerful, famous man? Now‚Ä¶ https://t.co/YQaJU9YY6S",0.7506,0.252,0.748,0.0,46
@CNN,Thu Apr 26 21:28:30 +0000 2018,"What did President Trump get first lady Melania Trump for her birthday? 

""You know I'm very busy to be running out‚Ä¶ https://t.co/WfTRItopSW",0.0,0.0,1.0,0.0,47
@CNN,Thu Apr 26 21:18:01 +0000 2018,"‚ÄúHow many women will it take before one woman is believed against the denials of a rich, powerful, famous man? Now‚Ä¶ https://t.co/3KZsd6U0LA",0.7506,0.252,0.748,0.0,48
@CNN,Thu Apr 26 21:09:28 +0000 2018,Union gives Broward County sheriff a vote of no confidence and will ask the Florida governor to remove him over his‚Ä¶ https://t.co/s4mh3YIUUe,0.2732,0.135,0.776,0.09,49
@CNN,Thu Apr 26 21:02:26 +0000 2018,Teachers in Arizona and Colorado took to the streets to rally for more school funding https://t.co/5aTzLFamBm https://t.co/UITPxb8EYV,0.0,0.0,1.0,0.0,50
@CNN,Thu Apr 26 20:50:30 +0000 2018,"Today, all over Arizona, teachers are walking out to protest for better pay and learning conditions for their stude‚Ä¶ https://t.co/eSmf8nhVuV",0.128,0.124,0.73,0.146,51
@CNN,Thu Apr 26 20:36:35 +0000 2018,A batch of recovered text messages between two top FBI employees who have come under scrutiny for criticizing then-‚Ä¶ https://t.co/MkPf2WFpIm,-0.1779,0.085,0.798,0.117,52
@CNN,Thu Apr 26 20:27:26 +0000 2018,"Time's up, Bill Cosby https://t.co/oc7zHeO6Tn (via @CNNOpinion) https://t.co/QMId3VuzBc",0.0,0.0,1.0,0.0,53
@CNN,Thu Apr 26 20:22:11 +0000 2018,"""Probably the worst thing that I've ever had to do is tell a 15-year-old's mother that her son was killed."" This do‚Ä¶ https://t.co/zNM6R9Lsdg",-0.6249,0.0,0.837,0.163,54
@CNN,Thu Apr 26 20:14:02 +0000 2018,"""The arc of the moral universe is long, but today it has bent towards justice."" Bill Cosby's accusers react to the‚Ä¶ https://t.co/HlGm7i81GS",0.0,0.0,1.0,0.0,55
@CNN,Thu Apr 26 19:57:13 +0000 2018,"As a prosecutor seeks to revoke Bill Cosby's $1 million bail, the 80-year-old comedian curses at him‚Ä¶ https://t.co/M7sm7OHATq",0.3818,0.14,0.86,0.0,56
@CNN,Thu Apr 26 19:48:46 +0000 2018,"Cosby accuser Andrea Constand ""needs to be heralded for what she has done,"" says her attorney, Dolores Troiani, aft‚Ä¶ https://t.co/n3QtaOL2hg",0.0,0.0,1.0,0.0,57
@CNN,Thu Apr 26 19:45:17 +0000 2018,"RT @CNNnewsroom: ""I'm stunned ... I'm elated for all the women,"" says Cosby accuser Patricia Steuer after Bill Cosby is found guilty in ind‚Ä¶",0.25,0.143,0.714,0.143,58
@CNN,Thu Apr 26 19:39:17 +0000 2018,"Immediately after learning that Bill Cosby was convicted of indecent assault, some accusers cry, hug, and celebrate‚Ä¶ https://t.co/d2uzVdSVYx",-0.5859,0.124,0.6,0.276,59
@CNN,Thu Apr 26 19:25:28 +0000 2018,"""Money and power, or who you are, will not stop us from a criminal investigation or prosecuting a case."" Kevin Stee‚Ä¶ https://t.co/VK73ypGHkp",-0.3637,0.081,0.773,0.146,60
@CNN,Thu Apr 26 19:09:33 +0000 2018,Bill Cosby was not ordered to stay in jail before his sentencing; accuser Lili Bernard says that ‚Äúhe should go stra‚Ä¶ https://t.co/U0kJcLdFfM,-0.1531,0.0,0.929,0.071,61
@CNN,Thu Apr 26 19:02:56 +0000 2018,‚ÄúThe jury has restored my faith in humanity. I feel like I‚Äôm dreaming and I need to be pinched to be woken.‚Äù Bill C‚Ä¶ https://t.co/nt872iudkR,0.7717,0.278,0.722,0.0,62
@CNN,Thu Apr 26 18:44:13 +0000 2018,"RT @CNNSitRoom: ""Today, this jury has shown that what the 'Me Too' movement is saying is that women are worthy of being believed."" One of B‚Ä¶",0.4404,0.104,0.896,0.0,63
@CNN,Thu Apr 26 18:43:12 +0000 2018,Bill Cosby‚Äôs attorney: ‚ÄúWe are very disappointed by the verdict‚Ä¶ the fight is not over.‚Äù https://t.co/7Me50zypbC https://t.co/4lyHJYoR0k,-0.7178,0.0,0.715,0.285,64
@CNN,Thu Apr 26 18:30:26 +0000 2018,"RT @CNNSitRoom: It‚Äôs a ""victory for all sexual assault survivors, female and male, it‚Äôs a victory for womanhood. I thank the jury so much f‚Ä¶",-0.3182,0.095,0.76,0.144,65
@CNN,Thu Apr 26 18:15:08 +0000 2018,Bill Cosby walks out of the courtroom after he was found guilty on all three counts in his indecent assault trial‚Ä¶ https://t.co/giwKCvOTKk,-0.765,0.0,0.752,0.248,66
@CNN,Thu Apr 26 17:57:10 +0000 2018,BREAKING: Bill Cosby has been convicted of all three counts against him in his indecent assault trial‚Ä¶ https://t.co/xtimJ9CZ3S,-0.5859,0.0,0.817,0.183,67
@CNN,Thu Apr 26 17:50:10 +0000 2018,"JUST IN: The jury in the Bill Cosby indecent assault trial has reached a verdict, according to media reports‚Ä¶ https://t.co/FIVe71wHje",-0.4215,0.132,0.702,0.167,68
@CNN,Thu Apr 26 17:42:33 +0000 2018,"This teacher takes home just $320/week ‚Äî less than her teen daughter makes as a nanny.

Arizona teachers explain wh‚Ä¶ https://t.co/i7Q8gYVhd0",0.0,0.0,1.0,0.0,69
@CNN,Thu Apr 26 17:32:32 +0000 2018,"President Trump will visit the United Kingdom in July, the White House and Downing Street announce‚Ä¶ https://t.co/XhSYk9zHK7",0.4215,0.149,0.851,0.0,70
@CNN,Thu Apr 26 17:14:12 +0000 2018,JUST IN: The Senate confirms Mike Pompeo as President Trump's second secretary of state https://t.co/17dFuL4HKk https://t.co/pJhkF21SDW,0.0,0.0,1.0,0.0,71
@CNN,Thu Apr 26 17:00:25 +0000 2018,Sweden has opened the world's first public road that allows electric cars to recharge while driving‚Ä¶ https://t.co/kLpOHOCfMp,0.0,0.0,1.0,0.0,72
@CNN,Thu Apr 26 16:47:23 +0000 2018,EPA Administrator Scott Pruitt says the controversial sound proof booth installed at his office is not the type use‚Ä¶ https://t.co/CBwH4rWyQL,-0.2023,0.0,0.913,0.087,73
@CNN,Thu Apr 26 16:36:22 +0000 2018,These kids were being bullied. Then a photographer transformed them into Avengers superheroes‚Ä¶ https://t.co/SpTOH0vdax,-0.6249,0.0,0.745,0.255,74
@CNN,Thu Apr 26 16:20:06 +0000 2018,French President Macron concedes it's going to take way more work to keep US President Trump in the Iran nuclear de‚Ä¶ https://t.co/zc4IOY7bxd,0.0,0.0,1.0,0.0,75
@CNN,Thu Apr 26 16:10:02 +0000 2018,"Some classes of drugs used to treat depression, Parkinson's and urinary incontinence are tied to a 30% higher demen‚Ä¶ https://t.co/2lzjuvy4K7",-0.25,0.115,0.726,0.158,76
@CNN,Thu Apr 26 16:00:16 +0000 2018,These are the possible crimes linked to the alleged Golden State Killer https://t.co/5w9xZeZbKt https://t.co/4JNOhKAwrp,-0.6486,0.0,0.751,0.249,77
@CNN,Thu Apr 26 15:50:09 +0000 2018,"""Incel"" is short for ""involuntarily celibate."" It's a movement of men who believe they have been unfairly denied se‚Ä¶ https://t.co/ghHsCExBWG",-0.4404,0.0,0.861,0.139,78
@CNN,Thu Apr 26 15:40:06 +0000 2018,South Korea's foreign minister says she believes President Trump is largely responsible for bringing North Korean l‚Ä¶ https://t.co/X4Gbow2Fql,0.3182,0.119,0.881,0.0,79
@CNN,Thu Apr 26 15:30:04 +0000 2018,"President Trump acknowledges for the first time that his personal attorney, Michael Cohen, is representing him with‚Ä¶ https://t.co/djhP2I8iqH",0.0,0.0,1.0,0.0,80
@CNN,Thu Apr 26 15:19:26 +0000 2018,5 things we learned from the Ronny Jackson debacle https://t.co/7JtTEek18C https://t.co/wkO5EwxEFb,0.0,0.0,1.0,0.0,81
@CNN,Thu Apr 26 15:06:35 +0000 2018,President Trump and first lady Melania Trump are hosting an event for the Wounded Warrior Project in the East Room‚Ä¶ https://t.co/023Oi6lA0y,0.0,0.0,1.0,0.0,82
@CNN,Thu Apr 26 15:05:22 +0000 2018,"James Comey thinks Donald Trump is empty, desperate for affirmation and lacks the confidence to be humble -- but he‚Ä¶ https://t.co/khja8JYlYj",0.0258,0.093,0.776,0.131,83
@CNN,Thu Apr 26 14:54:41 +0000 2018,"RT @CNNPolitics: ‚ÄúI was not aware of the amount,‚Äù EPA chief Scott Pruitt says when asked whether he knew about the pay raises for agency ai‚Ä¶",-0.1027,0.0,0.947,0.053,84
@CNN,Thu Apr 26 14:50:04 +0000 2018,"President Trump says he's been too busy to get Melania a birthday present, but adds he did get the first lady ""a be‚Ä¶ https://t.co/XEy9i911i3",0.0,0.0,1.0,0.0,85
@CNN,Thu Apr 26 14:40:10 +0000 2018,How Richard Branson went from high-school dropout to billionaire entrepreneur https://t.co/kfeVfLEQ3r https://t.co/iUJKvtX73L,0.0,0.0,1.0,0.0,86
@CNN,Thu Apr 26 14:30:01 +0000 2018,"Dr. Ronny Jackson will stay on as White House physician for now, a White House official says https://t.co/g2oxJ9Mf1u",0.0,0.0,1.0,0.0,87
@CNN,Thu Apr 26 14:20:09 +0000 2018,A federal judge in Washington state has issued a permanent injunction that blocks the Trump administration from sla‚Ä¶ https://t.co/qc3xHERCn8,-0.2263,0.0,0.894,0.106,88
@CNN,Thu Apr 26 14:10:08 +0000 2018,"Just hours after he pried a rifle from a gunman who opened fire at a Waffle House near Nashville, James Shaw Jr. la‚Ä¶ https://t.co/jMyRUfYjRD",-0.34,0.0,0.893,0.107,89
@CNN,Thu Apr 26 14:00:06 +0000 2018,White House physician Dr. Ronny Jackson withdraws his nomination to serve as Secretary for Veterans Affairs‚Ä¶ https://t.co/Ah9c5TuYzK,0.0,0.0,1.0,0.0,90
@CNN,Thu Apr 26 13:50:04 +0000 2018,"President Trump takes shots at the FBI and the Justice Department, hinting at ""some point"" he might step in and tak‚Ä¶ https://t.co/hd3ILj20U5",0.5267,0.139,0.861,0.0,91
@CNN,Thu Apr 26 13:41:07 +0000 2018,"RT @CNNnewsroom: Democratic Rep. Paul Tonko on EPA Chief Scott Pruitt: There's ""an avalanche of reports about an abuse of power, unethical‚Ä¶",-0.6369,0.0,0.833,0.167,92
@CNN,Thu Apr 26 13:40:08 +0000 2018,"Embattled EPA chief Scott Pruitt believes members of the administration are actively trying to get rid of him, two‚Ä¶ https://t.co/2dE28tJIpz",0.3182,0.108,0.892,0.0,93
@CNN,Thu Apr 26 13:30:09 +0000 2018,Why a 'federal jobs guarantee' is gaining steam with Democrats https://t.co/GdakRyHiyX https://t.co/B9KoptGMD0,0.5859,0.348,0.652,0.0,94
@CNN,Thu Apr 26 13:22:26 +0000 2018,Sweden has opened the world's first public road that allows electric cars to recharge while driving‚Ä¶ https://t.co/YFnCAYWD13,0.0,0.0,1.0,0.0,95
@CNN,Thu Apr 26 13:10:00 +0000 2018,"In a statement announcing his withdrawal as VA secretary nominee, White House doctor Ronny Jackson slammed allegati‚Ä¶ https://t.co/rJr1J5Hz2z",0.0258,0.064,0.936,0.0,96
@CNN,Thu Apr 26 12:58:21 +0000 2018,"President Trump denies he told former FBI Director James Comey that he didn't spend a night in Moscow: ""Of course I‚Ä¶ https://t.co/WHH605jT14",-0.4215,0.0,0.877,0.123,97
@CNN,Thu Apr 26 12:50:40 +0000 2018,Fox News host reacts to President Trump attacking the Department of Justice: ‚ÄúIt‚Äôs your Justice Department. Mr. Pre‚Ä¶ https://t.co/kUDC27MAJf,0.5859,0.264,0.62,0.116,98
@CNN,Thu Apr 26 12:37:33 +0000 2018,President Trump on his longtime personal attorney Michael Cohen: ‚ÄúHe represents me like with this crazy Stormy Dani‚Ä¶ https://t.co/tDc7A8SBi6,0.0258,0.114,0.776,0.11,99
@CNN,Thu Apr 26 12:29:59 +0000 2018,President Trump on Dr. Ronny Jackson withdrawing his nomination as the next secretary of Veterans Affairs: ‚ÄúI saw w‚Ä¶ https://t.co/B2Kb7qncXP,0.0,0.0,1.0,0.0,100
@FoxNews,Fri Apr 27 00:40:40 +0000 2018,NOW: South Korean President Moon Jae-in meets North Korean leader Kim Jong Un for a historic summit.‚Ä¶ https://t.co/qxhBR2Bl3J,0.0,0.0,1.0,0.0,1
@FoxNews,Fri Apr 27 00:38:40 +0000 2018,BREAKING: North Korea's Kim Jong Un crosses border into South Korea to meet Moon Jae-in for historic summit‚Ä¶ https://t.co/oX1sPEdos2,0.0,0.0,1.0,0.0,2
@FoxNews,Fri Apr 27 00:32:36 +0000 2018,RT @FoxBusiness: #BreakingNews: South Korean President Moon Jae-in meets North Korean leader Kim Jong Un for a historic summit. https://t.c‚Ä¶,0.0,0.0,1.0,0.0,3
@FoxNews,Fri Apr 27 00:22:32 +0000 2018,Cleveland Browns select Baker Mayfield with No. 1 pick in NFL Draft https://t.co/zwZytIqnEC,-0.296,0.0,0.833,0.167,4
@FoxNews,Fri Apr 27 00:15:37 +0000 2018,Maine deputy's suspected killer seen in new photos; $20G reward announced https://t.co/NphJBNj7BZ,-0.3612,0.196,0.476,0.328,5
@FoxNews,Fri Apr 27 00:12:22 +0000 2018,".@TGowdySC on @Comey #SpecialReport interview: ""Jim Comey has a definition of the word 'leak' that no one else has.‚Ä¶ https://t.co/bgLrLawqGG",-0.296,0.0,0.891,0.109,6
@FoxNews,Fri Apr 27 00:05:51 +0000 2018,".@TGowdySC on @Comey interview: ""Dir. Comey's recollection is flawed if he does not remember telling Congress that‚Ä¶ https://t.co/unoTm8M7Ki",0.0,0.0,1.0,0.0,7
@FoxNews,Fri Apr 27 00:01:44 +0000 2018,'He's Just Wrong': @Comey Pushes Back on Trump Claims He Was a 'Leaker &amp; Liar' https://t.co/FpOwG2E6bA,-0.5106,0.0,0.809,0.191,8
@FoxNews,Thu Apr 26 23:54:25 +0000 2018,"Golden State Killer caught using relative's DNA from genealogy websites, prosecutors say https://t.co/i8kidSSm0F",-0.6486,0.0,0.736,0.264,9
@FoxNews,Thu Apr 26 23:52:43 +0000 2018,".@BretBaier: ""When did you learn that the DNC and Hillary Clinton campaign had funded Christopher Steele's work?""‚Ä¶ https://t.co/Gr1sIUqYwi",0.0,0.0,1.0,0.0,10
@FoxNews,Thu Apr 26 23:51:50 +0000 2018,".@KarlRove: ""The only reason that there are positive signals coming out of North Korea is the harshness of the sanc‚Ä¶ https://t.co/FtU6wuAD6j",0.5574,0.153,0.847,0.0,11
@FoxNews,Thu Apr 26 23:50:11 +0000 2018,".@BretBaier: ""When did you learn that the DNC and Hillary Clinton campaign had funded Christopher Steele's work?""‚Ä¶ https://t.co/7osibiWLN3",0.0,0.0,1.0,0.0,12
@FoxNews,Thu Apr 26 23:47:20 +0000 2018,"Bill Bennett on Trump-Macron relationship: ""@POTUS is marching on. His foreign policy objectives are strong...This‚Ä¶ https://t.co/xRRjkcHnaF",0.0,0.0,1.0,0.0,13
@FoxNews,Thu Apr 26 23:38:46 +0000 2018,"Search suspended for boy, 4, swept away to sea off North Carolina coast https://t.co/WRbWm4wSc1",-0.4767,0.0,0.807,0.193,14
@FoxNews,Thu Apr 26 23:29:48 +0000 2018,".@marcthiessen on Bill Cosby verdict: ""The lesson of all of this is, is if you stick with it, if you don't give up,‚Ä¶ https://t.co/5f0A73yuSi",0.1531,0.065,0.935,0.0,15
@FoxNews,Thu Apr 26 23:24:09 +0000 2018,".@CLewandowski_ on Ronny Jackson: ""I think it's the very worst that Washington DC has to offer. This is a man who s‚Ä¶ https://t.co/53ga49jPbf",-0.659,0.0,0.827,0.173,16
@FoxNews,Thu Apr 26 23:19:20 +0000 2018,".@CLewandowski_ on @Comey interview: ""This is a man who is trying to justify the leaking of classified information,‚Ä¶ https://t.co/k3lmWVsvto",0.0,0.0,1.0,0.0,17
@FoxNews,Thu Apr 26 23:16:18 +0000 2018,".@BretBaier on @Comey interview: ""The other thing that struck me about the interview is when he said...had he not b‚Ä¶ https://t.co/BldimOjC5j",-0.25,0.0,0.909,0.091,18
@FoxNews,Thu Apr 26 23:02:05 +0000 2018,James Comey claims release of memo contents not a 'leak' in Fox News interview https://t.co/okUpH9LXoL,0.0,0.0,1.0,0.0,19
@FoxNews,Thu Apr 26 23:00:01 +0000 2018,".@BretBaier: ""You see the disparity here where people look at how the Clinton case was handled and how the Trump ca‚Ä¶ https://t.co/od5AibQiCw",0.0,0.0,1.0,0.0,20
@FoxNews,Thu Apr 26 22:57:00 +0000 2018,".@Comey: ""I don't consider what I did with Mr. Richman a leak. I told him about an unclassified conversation with‚Ä¶ https://t.co/BZHkCQH13g",-0.34,0.0,0.876,0.124,21
@FoxNews,Thu Apr 26 22:55:00 +0000 2018,".@BretBaier: ""Did you tell President Obama that the dossier, who it was funded by?""

@Comey: ""No, not to my recolle‚Ä¶ https://t.co/1PObbDXI4s",0.0,0.0,1.0,0.0,22
@FoxNews,Thu Apr 26 22:49:18 +0000 2018,".@Comey: ""New York and @FBI headquarters became aware that there may be some connection between Weiner's laptop and‚Ä¶ https://t.co/sJjTYdt5G6",0.0,0.0,1.0,0.0,23
@FoxNews,Thu Apr 26 22:45:00 +0000 2018,".@Comey: ""That was my intention, to serve another six years."" #SpecialReport https://t.co/WXk6LGTh9S",0.0,0.0,1.0,0.0,24
@FoxNews,Thu Apr 26 22:43:36 +0000 2018,".@BretBaier: ""What was the insurance policy Deputy Dir. McCabe, Strzok, and Page were discussing in his office?""‚Ä¶ https://t.co/MkyfRAV8lj",0.0,0.0,1.0,0.0,25
@FoxNews,Thu Apr 26 22:41:12 +0000 2018,".@BretBaier: ""You see the disparity here where people look at how the Clinton case was handled and how the Trump ca‚Ä¶ https://t.co/3pq48HCGrP",0.0,0.0,1.0,0.0,26
@FoxNews,Thu Apr 26 22:39:09 +0000 2018,".@Comey: ""I still believe [Andrew McCabe] stood tall."" #SpecialReport https://t.co/C7fmRS1pI7",0.0,0.0,1.0,0.0,27
@FoxNews,Thu Apr 26 22:36:07 +0000 2018,".@Comey: ""Facts really do matter."" #SpecialReport https://t.co/SWRXd4UbQc",0.0,0.0,1.0,0.0,28
@FoxNews,Thu Apr 26 22:33:50 +0000 2018,".@Comey: ""I don't consider what I did with Mr. Richman a leak. I told him about an unclassified conversation with‚Ä¶ https://t.co/GCBoZWu8XL",-0.34,0.0,0.876,0.124,29
@FoxNews,Thu Apr 26 22:30:17 +0000 2018,".@BretBaier: ""Is it fair to say that President Obama and his inner circle knew a lot more about the dossier and the‚Ä¶ https://t.co/EhF86M5vpi",0.3182,0.099,0.901,0.0,30
@FoxNews,Thu Apr 26 22:27:45 +0000 2018,".@Comey: ""I didn't ever brief President Obama on the dossier."" #SpecialReport https://t.co/MbJ8tWvdiy",0.0,0.0,1.0,0.0,31
@FoxNews,Thu Apr 26 22:27:09 +0000 2018,".@BretBaier: ""Did you tell President Obama that the dossier, who it was funded by?""

@Comey: ""No, not to my recolle‚Ä¶ https://t.co/ri5pdJ0hat",0.0,0.0,1.0,0.0,32
@FoxNews,Thu Apr 26 22:23:00 +0000 2018,".@Comey: ""New York and @FBI headquarters became aware that there may be some connection between Weiner's laptop and‚Ä¶ https://t.co/7fIg13GYFW",0.0,0.0,1.0,0.0,33
@FoxNews,Thu Apr 26 22:20:37 +0000 2018,".@BretBaier: ""Why did you allow Cheryl Mills, Sec. Clinton's chief of staff, to sit in the interview?""

@Comey: ""My‚Ä¶ https://t.co/dQcUBD2u6R",0.2263,0.091,0.909,0.0,34
@FoxNews,Thu Apr 26 22:18:17 +0000 2018,".@Comey: ""Why did we do the [@HillaryClinton] interview at the end? That's fairly typical for a subject interview i‚Ä¶ https://t.co/dJYRs2WjXr",0.0,0.0,1.0,0.0,35
@FoxNews,Thu Apr 26 22:16:43 +0000 2018,".@BretBaier: ""Is it true that you and your @FBI colleagues made the decision to exonerate Sec. Clinton well before‚Ä¶ https://t.co/A5w8oYN1Rx",0.7717,0.312,0.688,0.0,36
@FoxNews,Thu Apr 26 22:15:43 +0000 2018,.@Comey speaks to @BretBaier on @SpecialReport right now - Tune in to Fox News Channel! https://t.co/TRd21SVQ3C,0.0,0.0,1.0,0.0,37
@FoxNews,Thu Apr 26 22:00:01 +0000 2018,"TUNE IN: Former @FBI Director James @Comey sits down with @BretBaier on ""Special Report"" right now on Fox News Chan‚Ä¶ https://t.co/gpKHTDNYp7",0.4019,0.119,0.881,0.0,38
@FoxNews,Thu Apr 26 21:58:15 +0000 2018,Family suing American Airlines over death of 25-year-old woman https://t.co/BoYN5NmDEZ,-0.7184,0.0,0.571,0.429,39
@FoxNews,Thu Apr 26 21:58:04 +0000 2018,Mexican rapper reportedly admits to dissolving students' bodies in acid https://t.co/asBx7txEYP,0.296,0.18,0.82,0.0,40
@FoxNews,Thu Apr 26 21:42:50 +0000 2018,"MOMENTS AWAY:  @BretBaier's interview with former @FBI Director James @Comey, tonight at 6p ET on Fox News Channel.‚Ä¶ https://t.co/3YMfhEL8mn",0.0,0.0,1.0,0.0,41
@FoxNews,Thu Apr 26 21:35:54 +0000 2018,".@POTUS: ""Kanye looks and he sees black unemployment at the lowest it's been in the history of this country. Okay?‚Ä¶ https://t.co/URelfZSK0I",-0.6705,0.0,0.776,0.224,42
@FoxNews,Thu Apr 26 21:30:00 +0000 2018,"MUST SEE: Tune in to @BretBaier's interview with former FBI Director James @Comey, tonight at 6p ET on Fox News Cha‚Ä¶ https://t.co/kSaoHi0RCG",0.0,0.0,1.0,0.0,43
@FoxNews,Thu Apr 26 21:22:29 +0000 2018,"This picture of a pre-prom prayer sparks anger, surprising reporter who posted it. https://t.co/dwhrv7NG1W",-0.3818,0.125,0.655,0.22,44
@FoxNews,Thu Apr 26 21:11:23 +0000 2018,.@kimguilfoyle breaks down the Bill Cosby guilty verdict and what happens next. https://t.co/jn84ydmy9k https://t.co/6PS51PDebd,-0.296,0.098,0.732,0.171,45
@FoxNews,Thu Apr 26 21:10:00 +0000 2018,Oklahoma House passes 'Constitutional Carry' gun bill https://t.co/7BBzglS9AK,-0.34,0.0,0.745,0.255,46
@FoxNews,Thu Apr 26 21:02:52 +0000 2018,"Arizona Congresswoman-elect @DebbieLesko on Democratic criticism: ""The bottom line is I won."" https://t.co/Wfn6B9lkyN",-0.4404,0.0,0.791,0.209,47
@FoxNews,Thu Apr 26 20:55:24 +0000 2018,JUST IN: Recovered Strzok-Page text messages have been delivered to congressional committees. https://t.co/9AToXE0MLW,0.0,0.0,1.0,0.0,48
@FoxNews,Thu Apr 26 20:51:41 +0000 2018,.@kanyewest let @johnlegend know he means business when he says he supports President @realDonaldTrump.‚Ä¶ https://t.co/Y6HMAaTFFV,0.3612,0.152,0.848,0.0,49
@FoxNews,Thu Apr 26 20:39:35 +0000 2018,".@Jehmu on the Cosby verdict: ""I think it's a good day for victims"" #Cavuto https://t.co/xtjXjTMimR",0.296,0.253,0.618,0.129,50
@FoxNews,Thu Apr 26 20:30:01 +0000 2018,Otto Warmbier's parents sue North Korea for torturing and murdering their son. https://t.co/eNpxitg1gQ,-0.8519,0.0,0.57,0.43,51
@FoxNews,Thu Apr 26 20:25:18 +0000 2018,.@chancetherapper on @realDonaldTrump-@kanyewest friendship: 'Black people don't have to be democrats'‚Ä¶ https://t.co/Zc8v0oaeZl,0.4404,0.209,0.791,0.0,52
@FoxNews,Thu Apr 26 20:25:16 +0000 2018,".@RepKinzinger: ""We can't understate how important this moment is with North Korea."" #Cavuto https://t.co/AHmy4L9U5s",-0.1511,0.0,0.891,0.109,53
@FoxNews,Thu Apr 26 20:16:05 +0000 2018,"In an interview on @foxandfriends, @POTUS wished @FLOTUS a happy birthday. https://t.co/TWZPWX2Gdj",0.5719,0.27,0.73,0.0,54
@FoxNews,Thu Apr 26 20:08:25 +0000 2018,"On @foxandfriends, President @realDonaldTrump criticized former FBI Director James Comey, saying he is ""guilty of c‚Ä¶ https://t.co/bdx5Omcdop",-0.6486,0.0,0.739,0.261,55
@FoxNews,Thu Apr 26 20:02:48 +0000 2018,"Moments ago, @PressSec Sarah Sanders released photos of just-confirmed Secretary of State Mike Pompeo meeting Kim J‚Ä¶ https://t.co/LIkq6wQKT1",0.0,0.0,1.0,0.0,56
@FoxNews,Thu Apr 26 19:52:35 +0000 2018,Former prosecutor explains why this Bill Cosby sexual assault retrial turned out differently: https://t.co/WIpEIuNYRa,-0.5859,0.0,0.774,0.226,57
@FoxNews,Thu Apr 26 19:42:01 +0000 2018,"DA Kevin Steele on Bill Cosby's courtroom outburst: ""You got to see a brief view of who he was."" https://t.co/CO0vmKM1Eh",0.0,0.0,1.0,0.0,58
@FoxNews,Thu Apr 26 19:28:21 +0000 2018,RIGHT NOW: Bill Cosby arrives home after guilty verdict. https://t.co/jn84ydmy9k https://t.co/INtXb8sIDY,-0.296,0.119,0.672,0.209,59
@FoxNews,Thu Apr 26 19:26:51 +0000 2018,This new court sketch depicts the Bill Cosby verdict in a Pennsylvania courthouse today. Cosby was found guilty of‚Ä¶ https://t.co/WJuXDHhYGU,-0.296,0.075,0.794,0.131,60
@FoxNews,Thu Apr 26 19:25:24 +0000 2018,"Moments after comedian Bill Cosby was found guilty of sexual assault, his attorney Tom Mesereau denounced the verdi‚Ä¶ https://t.co/bH2lGIZUAN",-0.6124,0.103,0.635,0.262,61
@FoxNews,Thu Apr 26 19:20:03 +0000 2018,"""We are very disappointed by the verdict. We don't think Mr. Cosby's guilty of anything, and the fight is not over.‚Ä¶ https://t.co/bzXFeyf8TD",-0.8016,0.056,0.634,0.31,62
@FoxNews,Thu Apr 26 19:10:31 +0000 2018,Montgomery County prosecutors hold a news conference after Bill Cosby was found guilty of sexual assault.‚Ä¶ https://t.co/Z1djuQB6xQ,-0.4215,0.0,0.843,0.157,63
@FoxNews,Thu Apr 26 19:06:46 +0000 2018,".@kimguilfoyle: ""Expect that [Bill Cosby] will in fact appeal this case."" https://t.co/jn84ydmy9k https://t.co/TaNkkpoFX3",0.0,0.0,1.0,0.0,64
@FoxNews,Thu Apr 26 19:00:03 +0000 2018,TONIGHT: Don't miss @BretBaier's interview with former FBI Director James @Comey on #SpecialReport at 6p ET.‚Ä¶ https://t.co/AComwaekHj,0.1139,0.083,0.917,0.0,65
@FoxNews,Thu Apr 26 18:59:56 +0000 2018,"Bill Cosby lashes out in profane rant after being found guilty of drugging, assaulting woman in 2004
https://t.co/6cZE6oRS7A",-0.8176,0.0,0.638,0.362,66
@FoxNews,Thu Apr 26 18:51:31 +0000 2018,"""It is a victory for all sexual assault survivors."" 

Bill Cosby accusers made remarks shortly after the comedian w‚Ä¶ https://t.co/0KHFmksUuP",-0.296,0.111,0.726,0.162,67
@FoxNews,Thu Apr 26 18:48:02 +0000 2018,.@ShepNewsTeam: Bill Cosby's passport has been removed. https://t.co/jn84ydmy9k https://t.co/oiYzo6IkV7,0.0,0.0,1.0,0.0,68
@FoxNews,Thu Apr 26 18:47:27 +0000 2018,Bill Cosby exits the courthouse after being found guilty on 3 sexual assault charges. https://t.co/exrFTK5rxq,-0.8271,0.0,0.558,0.442,69
@FoxNews,Thu Apr 26 18:46:13 +0000 2018,Cosby attorney: The fight is not over. https://t.co/jn84ydmy9k https://t.co/Khdkh95GbP,-0.3818,0.0,0.755,0.245,70
@FoxNews,Thu Apr 26 18:29:58 +0000 2018,".@GloriaAllred: ""They took the risks so that their truth could be known, so that their truth could be believed, and‚Ä¶ https://t.co/CfDy1lqK85",0.4638,0.203,0.714,0.083,71
@FoxNews,Thu Apr 26 18:28:34 +0000 2018,".@GloriaAllred: ""It's been a very long journey but this an her-storic result. This was her-story. Not his-story, no‚Ä¶ https://t.co/AiT9kNa1YS",0.0,0.0,1.0,0.0,72
@FoxNews,Thu Apr 26 18:26:48 +0000 2018,".@GloriaAllred: ""The jury in this second criminal trial found that they believed women."" https://t.co/jn84ydmy9k https://t.co/AHyL7kDED4",-0.5267,0.0,0.805,0.195,73
@FoxNews,Thu Apr 26 18:26:06 +0000 2018,".@GloriaAllred: ""After all is said and done, women were finally believed."" https://t.co/jn84ydmy9k https://t.co/rPhpP8Gx10",0.0,0.0,1.0,0.0,74
@FoxNews,Thu Apr 26 18:25:33 +0000 2018,".@GloriaAllred: ""We're very, very happy and proud of this result. Beginning in late 2014, the accusers of Mr. Cosby‚Ä¶ https://t.co/AT9B3MESy0",0.8241,0.298,0.702,0.0,75
@FoxNews,Thu Apr 26 18:24:34 +0000 2018,"Judge in Michael Cohen case allows 'special master' to review seized files, Stormy enters fray- via @brookefoxnews 
https://t.co/ZhSQOh6Ic8",0.4019,0.137,0.863,0.0,76
@FoxNews,Thu Apr 26 18:23:14 +0000 2018,News conference outside courtroom where Bill Cosby has been found guilty on all 3 counts of sexual assault charges.‚Ä¶ https://t.co/xj47oVTCVs,-0.765,0.0,0.72,0.28,77
@FoxNews,Thu Apr 26 18:22:24 +0000 2018,"Outside courthouse where Bill Cosby has just been found guilty. For full live coverage, tune in to Fox News Channel‚Ä¶ https://t.co/MKQ6gagdzI",-0.4215,0.0,0.877,0.123,78
@FoxNews,Thu Apr 26 18:20:27 +0000 2018,.@kaplanli details Bill Cosby's outburst in the courtroom. https://t.co/jn84ydmy9k https://t.co/t6gdko944Y,0.0,0.0,1.0,0.0,79
@FoxNews,Thu Apr 26 18:19:12 +0000 2018,"Bill Cosby, just found guilty, faces up to 30 years in prison. https://t.co/jn84ydmy9k https://t.co/j9sDkPhNpa",-0.7269,0.0,0.663,0.337,80
@FoxNews,Thu Apr 26 18:11:54 +0000 2018,"Bill Cosby, moments after being found guilty. https://t.co/jn84ydmy9k https://t.co/dWxhU6pgWF",-0.4215,0.0,0.741,0.259,81
@FoxNews,Thu Apr 26 18:11:05 +0000 2018,Andrea Constand leaves the courtroom after Bill Cosby found guilty. https://t.co/jn84ydmy9k https://t.co/MHAp2SiFVt,-0.4215,0.0,0.797,0.203,82
@FoxNews,Thu Apr 26 18:05:26 +0000 2018,Cosby guilty: Jury rules comedian sexually assaulted Andrea Constand https://t.co/mrnwbF60br,-0.5574,0.165,0.443,0.392,83
@FoxNews,Thu Apr 26 17:55:58 +0000 2018,Cosby guilty: Jury rules comedian sexually assaulted Andrea Constand https://t.co/jn84ydmy9k https://t.co/8TLK58Y9gn,-0.5574,0.155,0.476,0.369,84
@FoxNews,Thu Apr 26 17:53:37 +0000 2018,BREAKING NEWS: Bill Cosby found guilty in sexual assault trial.  https://t.co/nDuzWkm0Dt,-0.765,0.0,0.577,0.423,85
@FoxNews,Thu Apr 26 17:50:47 +0000 2018,BREAKING NEWS: Bill Cosby found guilty on all 3 counts. https://t.co/tuAQmvVLY8,-0.4215,0.0,0.763,0.237,86
@FoxNews,Thu Apr 26 17:49:18 +0000 2018,"BREAKING NEWS: Jury has reached verdict in Bill Cosby trial - for full live coverage, tune in to Fox News Channel! https://t.co/Pj7ZVYv8r6",0.3164,0.148,0.852,0.0,87
@FoxNews,Thu Apr 26 17:48:51 +0000 2018,Michigan Restaurant Owner Refuses to Take Down Flags Honoring Fallen Officers https://t.co/voWOs57FQ8,0.2023,0.209,0.633,0.158,88
@FoxNews,Thu Apr 26 17:47:25 +0000 2018,JUST IN: Jury reaches verdict in Cosby sexual assault trial https://t.co/wJeKC8ImUo,-0.4588,0.192,0.548,0.26,89
@FoxNews,Thu Apr 26 17:31:10 +0000 2018,Mike Pompeo picked as Trump's new secretary of state: What to know about him https://t.co/AfBXeY6sMv,0.0,0.0,1.0,0.0,90
@FoxNews,Thu Apr 26 17:14:44 +0000 2018,".@JerryMoran: ""It's difficult to make a decision what the truth is when you have somebody with allegations but no p‚Ä¶ https://t.co/TRvIGqNb6N",-0.4404,0.071,0.733,0.196,91
@FoxNews,Thu Apr 26 17:07:08 +0000 2018,BREAKING NEWS: Senate confirms Mike Pompeo as secretary of state in 57-42 vote https://t.co/8fRaf4pqGk,0.0,0.0,1.0,0.0,92
@FoxNews,Thu Apr 26 17:04:47 +0000 2018,".@SenWarren: ""Mike Pompeo's completely unfit to serve as America's chief diplomat."" https://t.co/zD1Ugp5agM",0.0,0.0,1.0,0.0,93
@FoxNews,Thu Apr 26 17:00:36 +0000 2018,"On @foxandfriends, @TomiLahren  called for ""merit-based immigration"" in reaction to a report that a caravan of asyl‚Ä¶ https://t.co/GC59zzVcPB",0.0,0.0,1.0,0.0,94
@FoxNews,Thu Apr 26 16:57:51 +0000 2018,BREAKING NEWS: Senate has votes to confirm Mike Pompeo. https://t.co/rFYH4i2UVY,0.0,0.0,1.0,0.0,95
@FoxNews,Thu Apr 26 16:57:18 +0000 2018,RT @FoxBusiness: State average for regular gas above $3 per gallon: https://t.co/woDjW902UP,0.0,0.0,1.0,0.0,96
@FoxNews,Thu Apr 26 16:57:16 +0000 2018,RT @FoxBusiness: Gas national average: https://t.co/0TJh3pRPB4,0.0,0.0,1.0,0.0,97
@FoxNews,Thu Apr 26 16:57:13 +0000 2018,RT @FoxBusiness: Can the WWE change Saudi Arabia's views on women?   https://t.co/t4PfIcsI1e,0.0,0.0,1.0,0.0,98
@FoxNews,Thu Apr 26 16:48:42 +0000 2018,".@KatiePavlich: ""President Obama's @EPA administrator spent just as much money as travel and other items as‚Ä¶ https://t.co/EmEBC5ZblD",0.0,0.0,1.0,0.0,99
@FoxNews,Thu Apr 26 16:44:41 +0000 2018,Here come the socialists: 'Comrades' seeking office in 2018 take cue from Sanders https://t.co/bdCwrbtw5V,0.0,0.0,1.0,0.0,100
@nytimes,Fri Apr 27 00:34:43 +0000 2018,"Breaking News: Kim Jong-un has stepped into South Korean territory, a first for a North Korean leader, to begin a s‚Ä¶ https://t.co/PG5hPTg7SC",0.0,0.0,1.0,0.0,1
@nytimes,Fri Apr 27 00:32:07 +0000 2018,"RT @el_belson: When you're not obsessing about the Draft, take a look inside the Confidential N.F.L. Meeting where the owners and players d‚Ä¶",0.2584,0.088,0.912,0.0,2
@nytimes,Fri Apr 27 00:21:04 +0000 2018,"The Browns took quarterback Baker Mayfield with the first pick in the NFL draft, and the Giants are on the clock. F‚Ä¶ https://t.co/hk3gbAMdGo",0.0,0.0,1.0,0.0,3
@nytimes,Fri Apr 27 00:18:06 +0000 2018,RT @el_belson: Huge cheers for Baker Mayfield when the Cleveland Browns selected him with the first pick.,0.6597,0.265,0.735,0.0,4
@nytimes,Fri Apr 27 00:11:04 +0000 2018,RT @NYTSports: The last time the Giants picked No. 2 and the Jets picked No. 3 in the NFL draft was 1981. The Jets chose Freeman McNeil. Th‚Ä¶,-0.1779,0.09,0.764,0.146,5
@nytimes,Fri Apr 27 00:05:01 +0000 2018,We're live at the NFL draft in Texas. Pick-by-pick updates and analysis from the first round. https://t.co/ikDSNECm18,0.0,0.0,1.0,0.0,6
@nytimes,Fri Apr 27 00:00:08 +0000 2018,RT @el_belson: The view from the cheap seats aka the press box at Jerry World aka AT&amp;T Stadium. https://t.co/nhUbRXIaBS,0.0,0.0,1.0,0.0,7
@nytimes,Thu Apr 26 23:47:04 +0000 2018,"RT @motokorich: It's inter-Korean summit day! For South Korean president Moon Jae-in, ""officials said they were not sure who would be harde‚Ä¶",-0.308,0.0,0.903,0.097,8
@nytimes,Thu Apr 26 23:37:02 +0000 2018,Evening Briefing: Here's what you need to know at the end of the day https://t.co/2fcENYbIsb,0.0,0.0,1.0,0.0,9
@nytimes,Thu Apr 26 23:25:06 +0000 2018,"Bill Cosby didn‚Äôt speak in court, until the very end, when he shouted a vulgarity at the prosecutor https://t.co/xjbZP4Mzk2",0.0,0.0,1.0,0.0,10
@nytimes,Thu Apr 26 23:20:08 +0000 2018,"About 2 weeks later, a jury found Bill Cosby guilty of sexual assault, capping the downfall of one of the world‚Äôs b‚Ä¶ https://t.co/P9SQOKQGVF",-0.765,0.0,0.742,0.258,11
@nytimes,Thu Apr 26 23:15:13 +0000 2018,Bill Cosby‚Äôs retrial began on April 9. Here are 8 ways the second trial was different. https://t.co/hglR99dpW2,0.0,0.0,1.0,0.0,12
@nytimes,Thu Apr 26 23:10:09 +0000 2018,"In June 2017, Bill Cosby‚Äôs case ended in a mistrial. One of the accusers, Lili Bernard, wept in the courtroom, and‚Ä¶ https://t.co/OrBxvZXjLl",-0.4588,0.0,0.87,0.13,13
@nytimes,Thu Apr 26 23:05:06 +0000 2018,"In December 2015, Bill Cosby was arrested and charged with sexual assault https://t.co/gBRuCuDqtt https://t.co/3JQ2jlG5IV",-0.8271,0.0,0.558,0.442,14
@nytimes,Thu Apr 26 23:00:10 +0000 2018,"In 2015, @NYmag interviewed 35 women who said they were assaulted by Bill Cosby. ‚ÄúWhen only one or two women came o‚Ä¶ https://t.co/WZFZIb28JN",-0.5267,0.0,0.866,0.134,15
@nytimes,Thu Apr 26 22:55:08 +0000 2018,"In the last few years, dozens of women have come forward to accuse Bill Cosby of sexual misconduct. Andrea Constand‚Ä¶ https://t.co/wewtuMohhT",-0.2023,0.0,0.917,0.083,16
@nytimes,Thu Apr 26 22:34:57 +0000 2018,"The identity of the Golden State Killer was discovered using a genealogy database, investigators said  https://t.co/a0LkmMUiCn",-0.6486,0.0,0.765,0.235,17
@nytimes,Thu Apr 26 22:29:37 +0000 2018,Note: We've deleted this earlier tweet. It was misleading. Caryl Churchill did not talk to The New York Times.‚Ä¶ https://t.co/3EJChOfdkI,-0.4019,0.0,0.876,0.124,18
@nytimes,Thu Apr 26 22:15:05 +0000 2018,"If moviegoing is a solitary act, theatergoing is a communal one, remarked the critic Robert Brustein. Few make this‚Ä¶ https://t.co/MEkMI6XzHk",-0.2732,0.0,0.89,0.11,19
@nytimes,Thu Apr 26 22:02:05 +0000 2018,"We fact-checked President Trump‚Äôs ""Fox &amp; Friends"" interview. Here's an assessment of what he said. https://t.co/G5t3a95Cfz",0.4767,0.171,0.829,0.0,20
@nytimes,Thu Apr 26 21:47:01 +0000 2018,"RT @nytimesworld: The gang of men in Spain called themselves a ""manada,"" or wolf-pack. On Thursday they were found guilty of sexually abusi‚Ä¶",-0.4215,0.0,0.882,0.118,21
@nytimes,Thu Apr 26 21:32:07 +0000 2018,"At the truce village where North and South Korean leaders will meet for a historic summit, everything from the dess‚Ä¶ https://t.co/awFQOZdcH2",0.0,0.0,1.0,0.0,22
@nytimes,Thu Apr 26 21:11:06 +0000 2018,RT @npfandos: SCOOP: The F.B.I. first gave the White House counsel a file containing spousal abuse allegations against Rob Porter in March‚Ä¶,-0.7556,0.083,0.64,0.277,23
@nytimes,Thu Apr 26 21:00:10 +0000 2018,How exactly does ISIS lure young recruits? We speak with a former ISIS member about how and why he joined the fold. https://t.co/oWPVSJOlGa,0.0,0.0,1.0,0.0,24
@nytimes,Thu Apr 26 20:45:06 +0000 2018,"RT @alanblinder: This story inspired a lot of friends, colleagues and sources to text me their hash brown preferences. https://t.co/Ibzwj41‚Ä¶",0.743,0.27,0.73,0.0,25
@nytimes,Thu Apr 26 20:30:12 +0000 2018,Thousands of teachers in Arizona and Colorado walked out of their classrooms on Thursday to demand more funding for‚Ä¶ https://t.co/pFQMKIHouy,-0.128,0.0,0.927,0.073,26
@nytimes,Thu Apr 26 20:10:06 +0000 2018,"RT @dougmillsnyt: On ""take your child to work day"", @PressSec with the help of her two children, takes questions in the White House Press R‚Ä¶",0.4019,0.101,0.899,0.0,27
@nytimes,Thu Apr 26 20:00:13 +0000 2018,"RT @dougmillsnyt: .@realDonaldTrump, taking part in ""take your child to work day"", invited children of White House Staff and White House pr‚Ä¶",0.0,0.0,1.0,0.0,28
@nytimes,Thu Apr 26 19:50:07 +0000 2018,This year‚Äôs Emmys will be an ‚ÄúSNL‚Äù affair https://t.co/yCGVCdFLfO,0.0,0.0,1.0,0.0,29
@nytimes,Thu Apr 26 19:40:05 +0000 2018,Alfie Evans' doctors say he is profoundly brain damaged and cannot improve. His parents aren't convinced. Their dis‚Ä¶ https://t.co/MyEFOPv8qR,-0.7625,0.0,0.679,0.321,30
@nytimes,Thu Apr 26 19:30:04 +0000 2018,RT @nytopinion: .@CharlesMBlow: The idea that the primary motivator for Trump support was economic anxiety was a false narrative swallowed‚Ä¶,0.25,0.126,0.794,0.079,31
@nytimes,Thu Apr 26 19:20:06 +0000 2018,One NYT commenter's reaction to Bill Cosby being found guilty of sexually assaulting a woman at his home 14 years a‚Ä¶ https://t.co/5oxOyTg6if,-0.7269,0.0,0.757,0.243,32
@nytimes,Thu Apr 26 19:15:09 +0000 2018,One NYT commenter's reaction to Bill Cosby being found guilty of sexually assaulting a woman at his home 14 years a‚Ä¶ https://t.co/uU3Zc2VPXF,-0.7269,0.0,0.757,0.243,33
@nytimes,Thu Apr 26 19:10:05 +0000 2018,How to spend 36 hours in Copenhagen https://t.co/buQDuDEGFe,0.0,0.0,1.0,0.0,34
@nytimes,Thu Apr 26 19:00:15 +0000 2018,"Before she died at 30, Maria Bochkareva became one of Russia's first female army officers and commanded an all-wome‚Ä¶ https://t.co/sV7cNRQBUu",-0.5574,0.0,0.841,0.159,35
@nytimes,Thu Apr 26 18:53:55 +0000 2018,"‚ÄúThe whole case stands or falls on her. She is it,‚Äù a former DA and judge said last year of Andrea Constand. Read m‚Ä¶ https://t.co/27AquoxQ9L",0.0,0.0,1.0,0.0,36
@nytimes,Thu Apr 26 18:50:05 +0000 2018,RT @nytopinion: Mr. Trump told voters that he would hire the ‚Äúbest people.‚Äù What we have got instead is an administration that is incompete‚Ä¶,0.0,0.0,1.0,0.0,37
@nytimes,Thu Apr 26 18:40:03 +0000 2018,Say goodbye to Yawkey Way. Boston is renaming the popular spot outside Fenway Park after concerns about the name's‚Ä¶ https://t.co/zpxyEy500H,0.4215,0.128,0.872,0.0,38
@nytimes,Thu Apr 26 18:30:07 +0000 2018,"Here‚Äôs what we know so far about Joseph James DeAngelo, the Golden State Killer suspect https://t.co/paM2V3stJt",-0.7579,0.0,0.683,0.317,39
@nytimes,Thu Apr 26 18:23:24 +0000 2018,What exactly happened between Bill Cosby and Andrea Constand in his home near Philadelphia more than 14 years ago?‚Ä¶ https://t.co/tq5Ml6EUV8,0.0,0.0,1.0,0.0,40
@nytimes,Thu Apr 26 18:20:05 +0000 2018,This simple side dish takes only 15 minutes to make https://t.co/r1AQ6kz35q,0.0,0.0,1.0,0.0,41
@nytimes,Thu Apr 26 18:10:03 +0000 2018,"RT @IKershner: Four years later, an Israeli police officer will serve nine months jail time for fatally shooting a teenage Palestinian prot‚Ä¶",-0.6369,0.0,0.826,0.174,42
@nytimes,Thu Apr 26 18:00:07 +0000 2018,"If the world economy was coming out of its low-inflation funk, this is probably what it would look like https://t.co/yggwZsf0uW",0.3612,0.116,0.884,0.0,43
@nytimes,Thu Apr 26 17:55:45 +0000 2018,"Breaking News: Bill Cosby has been found guilty of sexually assaulting Andrea Constand, capping the downfall of one‚Ä¶ https://t.co/JaPlD8TF4Q",-0.7269,0.0,0.736,0.264,44
@nytimes,Thu Apr 26 17:50:07 +0000 2018,"The Jacksonville Jaguars‚Äô billionaire owner, Shahid Khan, has taken his team to London‚Äôs iconic Wembley Stadium ann‚Ä¶ https://t.co/YhWuSisHnt",0.0,0.0,1.0,0.0,45
@nytimes,Thu Apr 26 17:40:06 +0000 2018,"RT @NYTObits: Sachio Kinugasa, the Japanese slugger who in 1987 broke Lou Gehrig‚Äôs record for consecutive games played, only to see his tes‚Ä¶",-0.1027,0.092,0.802,0.107,46
@nytimes,Thu Apr 26 17:30:05 +0000 2018,"A Senate panel advanced a bill to let special counsels appeal firings. It‚Äôs unlikely to come to a full vote, but is‚Ä¶ https://t.co/NltwyXobj8",0.3291,0.157,0.843,0.0,47
@nytimes,Thu Apr 26 17:20:07 +0000 2018,Do the Democrats have a reasonable chance to regain a majority in the House? Here are 4 factors to consider. https://t.co/TAQdXgBHjW,0.25,0.105,0.895,0.0,48
@nytimes,Thu Apr 26 17:10:07 +0000 2018,Federal officials are beginning to worry the economy is too good. But workers still feel left behind. https://t.co/M0tsMZiaRv,0.0,0.133,0.734,0.133,49
@nytimes,Thu Apr 26 17:00:24 +0000 2018,RT @nytclimate: Lawmakers from both parties are grilling EPA chief Scott Pruitt on his spending decisions. Live video: https://t.co/neUlGmf‚Ä¶,0.4019,0.13,0.87,0.0,50
@nytimes,Thu Apr 26 16:54:12 +0000 2018,"Breaking News: The Senate easily confirmed Mike Pompeo as the nation‚Äôs 70th secretary of state, elevating the forei‚Ä¶ https://t.co/m9xhgD9cwz",0.34,0.118,0.882,0.0,51
@nytimes,Thu Apr 26 16:50:04 +0000 2018,‚ÄúHere I was looking up the guy on Wikipedia and he was 5 doors down‚Äù https://t.co/btavWQLMSU,0.0,0.0,1.0,0.0,52
@nytimes,Thu Apr 26 16:40:12 +0000 2018,Who are Diamond and Silk? A look at 2 pro-Trump social media stars. https://t.co/kuHUbPq2vw https://t.co/CG75elOB38,0.34,0.167,0.833,0.0,53
@nytimes,Thu Apr 26 16:30:12 +0000 2018,"After The New York Times revealed decades of Harvey Weinstein's sexual misconduct, Weinstein told The Hollywood Rep‚Ä¶ https://t.co/Nxl9Fm1kXe",0.0,0.0,1.0,0.0,54
@nytimes,Thu Apr 26 16:20:06 +0000 2018,"RT @tackettdc: ‚ÄúThe problem we have is, we have a president who will use that as fodder to do his mission that I don‚Äôt feel is in the best‚Ä¶",-0.4019,0.0,0.906,0.094,55
@nytimes,Thu Apr 26 16:10:04 +0000 2018,"Meghan Markle left ""Suits."" Here‚Äôs what she took with her. https://t.co/y7GztqyRhW https://t.co/fIxnkPHiih",0.0,0.0,1.0,0.0,56
@nytimes,Thu Apr 26 16:00:15 +0000 2018,"‚ÄúThere are the drunk Waffle Houses, the late-night Waffle Houses, Waffle House as a house of freaks, but there‚Äôs al‚Ä¶ https://t.co/9j05WzrgXM",-0.2263,0.0,0.861,0.139,57
@nytimes,Thu Apr 26 15:50:07 +0000 2018,Angela Merkel arrives at the White House on Friday in the wake of a visit by Emmanuel Macron. Don‚Äôt expect a sequel‚Ä¶ https://t.co/ZrsTZDdTPZ,0.0,0.0,1.0,0.0,58
@nytimes,Thu Apr 26 15:40:08 +0000 2018,"In Opinion

Op-Ed columnist Bret Stephens writes, ""The Bush model was about proving one‚Äôs worth and paying one‚Äôs du‚Ä¶ https://t.co/Y0no0asvYp",0.2263,0.091,0.909,0.0,59
@nytimes,Thu Apr 26 15:30:11 +0000 2018,"RT @nytimesarts: ‚ÄúIt feels like the last task for Michelle, to bring him her questions at the end of her book ‚Äî just to go, ‚ÄòMy wife had so‚Ä¶",0.3612,0.085,0.915,0.0,60
@nytimes,Thu Apr 26 15:20:07 +0000 2018,"At the memorial in Alabama, some of the lynchings are described in brief summaries https://t.co/lieAeoXYup https://t.co/mBrlAwnxU1",0.0,0.0,1.0,0.0,61
@nytimes,Thu Apr 26 15:10:08 +0000 2018,"""The children were crying out for the driver to stop,"" a railways official said https://t.co/iU4AgNODnl",-0.4767,0.0,0.807,0.193,62
@nytimes,Thu Apr 26 15:00:06 +0000 2018,"President Trump said in a call to ""Fox &amp; Friends"" that Michael Cohen represents him in ""this crazy Stormy Daniels d‚Ä¶ https://t.co/1UENTq37Ai",0.09,0.125,0.765,0.111,63
@nytimes,Thu Apr 26 14:45:05 +0000 2018,NFL owners and players discussed President Trump and Colin Kaepernick at a private meeting in October. The Times ob‚Ä¶ https://t.co/Vbk2hjk5Ml,0.0,0.0,1.0,0.0,64
@nytimes,Thu Apr 26 14:30:03 +0000 2018,"RT @nytimesarts: ‚ÄúMy kicks are still high,‚Äù says Billy Zabka, the 52-year-old star of @CobraKaiSeries. ‚ÄúNo mercy.‚Äù https://t.co/HLoabkOV0P",0.0,0.0,1.0,0.0,65
@nytimes,Thu Apr 26 14:14:03 +0000 2018,"Faced with a presidential couple that controls virtually every branch of government and the news media, young peopl‚Ä¶ https://t.co/nsN8BHpWjb",0.0,0.0,1.0,0.0,66
@nytimes,Thu Apr 26 14:00:09 +0000 2018,"Scott Pruitt's strategy appears to be to place the blame for his activities on his staff, according to a talking po‚Ä¶ https://t.co/OI7W9LCpON",-0.34,0.0,0.893,0.107,67
@nytimes,Thu Apr 26 13:45:08 +0000 2018,"""I peeled his clothes from his clammy body and wrapped my arms around him to try to keep him warm. I felt his heart‚Ä¶ https://t.co/aQZPTFfm1X",0.2263,0.076,0.924,0.0,68
@nytimes,Thu Apr 26 13:29:04 +0000 2018,"""We can go to jail one more time if necessary. We will go on doing journalism with courage,"" said the editor in chi‚Ä¶ https://t.co/Wd3QAmaBaG",0.0,0.0,1.0,0.0,69
@nytimes,Thu Apr 26 13:14:05 +0000 2018,"""She genuinely wanted to care for all those around her even if it meant sacrificing a portion of herself in return‚Ä¶ https://t.co/47aHEk6SAy",0.4939,0.138,0.862,0.0,70
@nytimes,Thu Apr 26 13:00:13 +0000 2018,Morning¬†Briefing: Here's what you need to know to start your day https://t.co/1cRbjhwAjy https://t.co/AUsFvcyR6Z,0.0,0.0,1.0,0.0,71
@nytimes,Thu Apr 26 12:50:07 +0000 2018,"Stephen Colbert bantered about accusations that on an overseas trip Ronny Jackson ""was intoxicated and banged on th‚Ä¶ https://t.co/BYBsWy7BoN",-0.3182,0.0,0.887,0.113,72
@nytimes,Thu Apr 26 12:40:08 +0000 2018,Two court developments this week indicate a possible road map for President Trump through the minefield of legal re‚Ä¶ https://t.co/2SVweXg91i,0.128,0.077,0.923,0.0,73
@nytimes,Thu Apr 26 12:30:07 +0000 2018,"Your daily @DealBook Briefing:

‚Ä¢ Facebook can afford to clean up its act.

‚Ä¢ How NFL owners worried about protests‚Ä¶ https://t.co/eRttJBWwzI",0.128,0.123,0.776,0.1,74
@nytimes,Thu Apr 26 12:15:06 +0000 2018,"Sean Spicer described the wax Melania Trump as ""unbelievably lifelike"" https://t.co/DkCeJvlgZ4",0.0,0.0,1.0,0.0,75
@nytimes,Thu Apr 26 12:11:29 +0000 2018,Breaking: Dr. Ronny Jackson withdrew as nominee to lead the V.A. after lawmakers went public with a torrent of accu‚Ä¶ https://t.co/EPEDYcQUI6,0.0,0.0,1.0,0.0,76
@nytimes,Thu Apr 26 12:00:08 +0000 2018,New rules for elite female track athletes with high testosterone levels: Lower your levels with medicine or compete‚Ä¶ https://t.co/Zsj5YgIO1G,-0.296,0.0,0.891,0.109,77
@nytimes,Thu Apr 26 11:45:07 +0000 2018,"Ronny Jackson, President Trump's pick to lead the V.A., is accused of mishandling an opioid and wrecking a car whil‚Ä¶ https://t.co/t6k1B8hAUU",-0.296,0.0,0.896,0.104,78
@nytimes,Thu Apr 26 11:31:07 +0000 2018,"The writer Michelle McNamara, who was married to the comedian Patton Oswalt, spent the final years of her life chas‚Ä¶ https://t.co/3YDhVXJg2m",0.3818,0.115,0.885,0.0,79
@nytimes,Thu Apr 26 11:15:07 +0000 2018,"Kanye West's ""dragon energy"" tweets caused bedlam among his fans https://t.co/mlr93urxO8",0.2732,0.174,0.826,0.0,80
@nytimes,Thu Apr 26 11:10:04 +0000 2018,Supreme Court justices seem focused on one question: Should the president‚Äôs authority have anything to do with his‚Ä¶ https://t.co/MI5mb10NcQ,0.7579,0.319,0.681,0.0,81
@nytimes,Thu Apr 26 11:00:09 +0000 2018,Jeff Sessions refused to tell lawmakers about whether his recusal in all campaign-related investigations extended t‚Ä¶ https://t.co/6W0BiD6xkt,-0.296,0.0,0.879,0.121,82
@nytimes,Thu Apr 26 10:50:05 +0000 2018,"RT @nytmedia: We now have a bidding war for Sky. Comcast has unveiled a $30.7 billion bid for the British satellite broadcaster, trying to‚Ä¶",-0.5994,0.0,0.843,0.157,83
@nytimes,Thu Apr 26 10:40:07 +0000 2018,"For thousands of ""Dreamers,"" the past several months have been a wild ride. And it's not over yet. https://t.co/sit3opdS20",0.0,0.0,1.0,0.0,84
@nytimes,Thu Apr 26 10:30:11 +0000 2018,"""Let us face it: There is no Planet B,"" Emmanuel Macron said. ""I am sure one day the United States will come back a‚Ä¶ https://t.co/BZcolj6SeE",0.4404,0.174,0.751,0.075,85
@nytimes,Thu Apr 26 10:14:07 +0000 2018,Morning¬†Briefing: Here's what you need to know to start your day https://t.co/scVm87AY6N https://t.co/X2ptQX7VWW,0.0,0.0,1.0,0.0,86
@nytimes,Thu Apr 26 10:00:21 +0000 2018,"RT @nytimesarts: Michelle Wolf, the comedian at this year's White House Correspondents' dinner, has no interest in knee-jerk jokes about Pr‚Ä¶",0.6597,0.284,0.634,0.082,87
@nytimes,Thu Apr 26 09:44:04 +0000 2018,"The Golden State Killer is thought to have killed 12 people, raped 45 people and burglarized more than 120 homes be‚Ä¶ https://t.co/GRnm1B4cRV",-0.9371,0.0,0.586,0.414,88
@nytimes,Thu Apr 26 09:29:04 +0000 2018,An Indian guru was sentenced to life in prison for the rape of a teenage girl. At least two witnesses who testified‚Ä¶ https://t.co/eGAsJu5XTE,-0.8442,0.0,0.676,0.324,89
@nytimes,Thu Apr 26 09:15:04 +0000 2018,An organization that uses architectural rendering software to uncover human rights abuses and 3 artists depicting s‚Ä¶ https://t.co/Z0VO2vezoz,-0.5574,0.0,0.816,0.184,90
@nytimes,Thu Apr 26 08:59:06 +0000 2018,"""The fact that the head of the Central Council of Jews in Germany has advised against wearing a kipa in public must‚Ä¶ https://t.co/oHAb1Otejw",0.0,0.0,1.0,0.0,91
@nytimes,Thu Apr 26 08:46:02 +0000 2018,"The New York Times movie review of ""Avengers: Infinity War"" https://t.co/TGfd9H381x",-0.5994,0.0,0.719,0.281,92
@nytimes,Thu Apr 26 08:30:06 +0000 2018,"""To the algorithm, the content of an idea is irrelevant. Whether it's extremist or mainstream doesn't matter; only‚Ä¶ https://t.co/092YX82NPB",-0.0191,0.0,0.944,0.056,93
@nytimes,Thu Apr 26 08:14:03 +0000 2018,"RT @nytimesworld: Vincent Bollor√©, a French tycoon known as the ""king of Africa,"" faces corruption inquiry in France https://t.co/TZNmCuMmkU",0.0,0.0,1.0,0.0,94
@nytimes,Thu Apr 26 08:02:03 +0000 2018,"Michael Cohen, President Trump's personal lawyer, will invoke the Fifth Amendment in a lawsuit filed by Stormy Dani‚Ä¶ https://t.co/n8rKkFEAaJ",-0.2263,0.0,0.899,0.101,95
@nytimes,Thu Apr 26 07:47:05 +0000 2018,"Cristina Cifuentes, considered a possible successor to Spain's prime minister, quit her post after a video emerged‚Ä¶ https://t.co/u36IOmwZaD",0.2263,0.112,0.888,0.0,96
@nytimes,Thu Apr 26 07:32:04 +0000 2018,Pope Francis will host 3 victims of sexual abuse at the Vatican hotel to ask their forgiveness and listen to their‚Ä¶ https://t.co/1bBfzhru7p,-0.6597,0.079,0.677,0.244,97
@nytimes,Thu Apr 26 07:17:05 +0000 2018,"RT @nytopinion: In Dr. Ronny Jackson, Mick Mulvaney and Scott Pruitt, Trump has found his ""best people"" -- i.e. unsuitable candidates and g‚Ä¶",0.6369,0.16,0.84,0.0,98
@nytimes,Thu Apr 26 07:02:06 +0000 2018,"When Pretty Yende was growing up in South Africa, she was aware of few role models for a black girl who wanted to b‚Ä¶ https://t.co/zvIIt06PE8",0.5994,0.182,0.818,0.0,99
@nytimes,Thu Apr 26 06:56:38 +0000 2018,"Vincent Bollor√©, French Billionaire, Faces a Rare Corruption Inquiry https://t.co/5mLiIW2Gg5",0.0,0.0,1.0,0.0,100
